#Tenor,Date,EUR,USD,EUR-IN-USD,EUR-EONIA,EUR-ESTER,EUR-EURIBOR-3M,EUR-EURIBOR-6M,USD-FedFunds,USD-LIBOR-3M,USD-SOFR,BANK,CPTY_A,CPTY_C
1M,2022-02-28,0.998306840894132,0.996460925091293,0.998306840894132,0.998176256199893,0.998242248844766,0.998077304846845,0.997718114620261,0.996445953705450,0.996285376293718,0.996460925091293,0.998713117693147,0.999233170876173,1.000000000000000
2M,2022-03-31,0.996283289031292,0.992487492741539,0.996283289031292,0.995891978003828,0.996030720788897,0.995952918442224,0.995197814753466,0.992462309011573,0.992188850287437,0.992487492741539,0.997290286775351,0.998384867376675,1.000000000000000
3M,2022-05-02,0.993970562439419,0.988290186463208,0.993970562439419,0.993327381168039,0.993540831271102,0.993764746191866,0.992602892514274,0.988254718863917,0.987977845394503,0.988290186463208,0.995823684247870,0.997509954634025,1.000000000000000
4M,2022-05-31,0.991576052018668,0.984413453650535,0.991576052018668,0.990809546820212,0.991090315634047,0.990979009692782,0.990257089074297,0.984363549163497,0.984124681614232,0.984413453650535,0.994496438742776,0.996717727240435,1.000000000000000
5M,2022-06-30,0.989013450844807,0.980384147188342,0.989013450844807,0.988066739200178,0.988416741066281,0.988304145370163,0.987836229548175,0.980340538635642,0.980152535798756,0.980384147188342,0.993125287641245,0.995898843764204,1.000000000000000
6M,2022-08-01,0.986309014095498,0.976128856781889,0.986309014095498,0.985096740916513,0.985520149344750,0.985720932321231,0.985260502227704,0.976058801320377,0.975933250012553,0.976128856781889,0.991664810109001,0.995026109593975,1.000000000000000
7M,2022-08-31,0.983616692992970,0.972187445516996,0.983616692992970,0.982224067857933,0.982715848062706,0.982356698533099,0.981716078037745,0.972098563015082,0.971994166634558,0.972187445516996,0.990297563084518,0.994208615917184,1.000000000000000
8M,2022-09-30,0.981028381507151,0.968243808524623,0.981028381507151,0.979374971781875,0.979934735003979,0.979647517330390,0.978515156081020,0.968173350950703,0.968070982272053,0.968243808524623,0.988932201136934,0.993391793876951,1.000000000000000
9M,2022-10-31,0.978286216833910,0.964257544190316,0.978286216833910,0.976435509307666,0.977065105511568,0.977056660952068,0.975474482718424,0.964183407870810,0.964033659733533,0.964257544190316,0.987523304741710,0.992548449440757,1.000000000000000
10M,2022-11-30,0.975665805468505,0.960487335906442,0.975665805468505,0.973634607306789,0.974331410131931,0.973751291894038,0.972845146576778,0.960426404596869,0.960142605745123,0.960487335906442,0.986161767772512,0.991732991360307,1.000000000000000
11M,2023-01-02,0.973531730500085,0.956443141197654,0.973531730500085,0.970560035892934,0.971330318116918,0.970785346955246,0.969967780342111,0.956386729749366,0.955880583372882,0.956443141197654,0.984665104430811,0.990836761259213,1.000000000000000
1Y,2023-01-31,0.970969459665512,0.952937715064476,0.970969459665512,0.967883907052610,0.968718393326475,0.968406559108808,0.967614381925617,0.952964118920521,0.952150790653240,0.952937715064476,0.983350189865575,0.990049833749168,1.000000000000000
1Y1M,2023-02-28,0.969176168582702,0.950228665773635,0.969176168582702,0.965380220537125,0.966276427613831,0.965929612430543,0.964794378051431,0.950203585543147,0.948563421426944,0.950228665773635,0.982082283354885,0.989290634702609,1.000000000000000
1Y2M,2023-03-31,0.967254068929064,0.947294496623872,0.967254068929064,0.962621995973387,0.963586168952696,0.963178373825553,0.961633848957011,0.947313533635127,0.944607454818428,0.947294496623872,0.980680436556497,0.988450771963962,1.000000000000000
1Y3M,2023-05-02,0.965273964375302,0.944275179947177,0.965273964375302,0.959783062218908,0.960816983923251,0.960346604888806,0.958382226731787,0.944339473962383,0.940541180782409,0.944275179947177,0.979235467754790,0.987584564748557,1.000000000000000
1Y4M,2023-05-31,0.963196624833450,0.941547237509641,0.963196624833450,0.957397858232396,0.958494838434402,0.957895755146294,0.956163863395990,0.941652298159600,0.936729072353964,0.941547237509641,0.977927803886585,0.986800220149242,1.000000000000000
1Y5M,2023-06-30,0.961052357257514,0.938733520957978,0.961052357257514,0.954943289957749,0.956105179369903,0.955366975071149,0.953874408113051,0.938880507438095,0.932759964380016,0.938733520957978,0.976576885738588,0.985989484699739,1.000000000000000
1Y6M,2023-07-31,0.958841628868730,0.935834847158444,0.958841628868730,0.952413513699039,0.953642123774741,0.952760915428738,0.951514396553085,0.936024894763920,0.928771707279438,0.935834847158444,0.975182897471153,0.985152424487251,1.000000000000000
1Y7M,2023-08-31,0.956492711531157,0.932945124045776,0.956492711531157,0.950029465346229,0.951324629055206,0.950301705539756,0.949055558874333,0.933177967458842,0.924720010776128,0.932945124045776,0.973790899014575,0.984316074900798,1.000000000000000
1Y8M,2023-10-02,0.954063885058745,0.929971543198941,0.954063885058745,0.947584644073338,0.948948170299996,0.947779746586113,0.946516637562854,0.930248285931055,0.920491001491714,0.929971543198941,0.972356081498073,0.983453491036733,1.000000000000000
1Y9M,2023-10-31,0.951868088816140,0.927284922929482,0.951868088816140,0.945374459675111,0.946799632737417,0.945500002889698,0.944221607461653,0.927601207466734,0.916790471620300,0.927284922929482,0.971057604311866,0.982672427356816,1.000000000000000
1Y10M,2023-11-30,0.949569169224909,0.924513827830042,0.949569169224909,0.943202939722478,0.944691752386998,0.943164859600398,0.941853294157039,0.924870776685501,0.912977991636003,0.924513827830042,0.969716176718539,0.981865083219837,1.000000000000000
1Y11M,2024-01-02,0.947044205726400,0.921475186973711,0.947044205726400,0.940828607127746,0.942387096705840,0.940604229286560,0.939255009931262,0.921876584800817,0.911703805045290,0.921475186973711,0.968242237219750,0.980977770757248,1.000000000000000
2Y,2024-01-31,0.944830841629417,0.918813112060525,0.944830841629417,0.938747007046256,0.940366435137477,0.938359718057725,0.936977587184583,0.919253328524730,0.914517847222413,0.918813112060525,0.966948118947523,0.980198673306755,1.000000000000000
2Y1M,2024-02-29,0.943099416351805,0.916637409488030,0.943099416351805,0.936816737318382,0.938497094216017,0.936346239258041,0.934915368132514,0.917083484707672,0.906057468363085,0.916637409488030,0.965655730347932,0.979420194619353,1.000000000000000
2Y2M,2024-04-02,0.941173147355466,0.914208127558108,0.941173147355466,0.934637390750779,0.936386795790106,0.934079272687000,0.932591857739805,0.914658080011382,0.898322256055918,0.914208127558108,0.964187182299995,0.978535091605050,1.000000000000000
2Y3M,2024-04-30,0.939541822980258,0.912151968125160,0.939541822980258,0.932792224507300,0.934599961188205,0.932160090539979,0.930624923367510,0.912605191797274,0.895363328115845,0.912151968125160,0.962942893061160,0.977784722398121,1.000000000000000
2Y4M,2024-05-31,0.937739011859855,0.909880899775302,0.937739011859855,0.930753610666635,0.932625656984013,0.930039880956823,0.928452084663700,0.910337725360901,0.892098739372616,0.909880899775302,0.961567160080141,0.976954627655530,1.000000000000000
2Y5M,2024-07-01,0.935939660008488,0.907615485912449,0.935939660008488,0.928719452208726,0.930655523416728,0.927924493816423,0.926284319140196,0.908075892690460,0.888962919714003,0.907615485912449,0.960193392575216,0.976125237625609,1.000000000000000
2Y6M,2024-07-31,0.934201639197981,0.905428520480182,0.934201639197981,0.926755144711799,0.928752905248481,0.925881926247142,0.924191300723267,0.905892373275151,0.886143718095446,0.905428520480182,0.958865808901227,0.975323272529597,1.000000000000000
2Y7M,2024-09-02,0.932293543802400,0.903028944463677,0.932293543802400,0.924599204747044,0.926664517542131,0.923640294586191,0.921894442456436,0.903496565638102,0.883052921662259,0.903028944463677,0.957407586816854,0.974441871907904,1.000000000000000
2Y8M,2024-09-30,0.930677610339862,0.900997928301807,0.930677610339862,0.922773855945220,0.924896235212925,0.921742560619201,0.919950070058751,0.901468728688296,0.881851234416468,0.900997928301807,0.956172046685928,0.973694641501048,1.000000000000000
2Y9M,2024-10-31,0.928891808043049,0.898754631187117,0.928891808043049,0.920757137210748,0.922942429733091,0.919646045835892,0.917802155181764,0.899228932000622,0.882940898337277,0.898754631187117,0.954805987047675,0.972868019051051,1.000000000000000
2Y10M,2024-12-02,0.927051993366143,0.896444827999360,0.927051993366143,0.918679986016447,0.920929927362975,0.917486903186951,0.915590212853651,0.896922720838768,0.884067125025907,0.896444827999360,0.953397908044442,0.972015467440348,1.000000000000000
2Y11M,2024-12-31,0.925387809120050,0.894356696784627,0.925387809120050,0.916801615552151,0.919109887844737,0.915534559128905,0.913590245113502,0.894837826263627,0.885089008759009,0.894356696784627,0.952123567420469,0.971243487895961,1.000000000000000
3Y,2025-01-31,0.923612156996683,0.892129934952686,0.923612156996683,0.914797949126226,0.917168305787127,0.913452164521289,0.911457179262631,0.892614504771171,0.886182673451997,0.892129934952686,0.950763115139842,0.970418946363854,1.000000000000000
3Y1M,2025-02-28,0.922093081021836,0.890198429744612,0.922093081021836,0.913065967970820,0.915492358995488,0.911640849476155,0.909596622045254,0.890657432238024,0.884399655424930,0.890198429744612,0.949535990429751,0.969674800853469,1.000000000000000
3Y2M,2025-03-31,0.920425010870857,0.888078661459877,0.920425010870857,0.911165872226664,0.913654085794010,0.909648335794906,0.907549341812299,0.888501820011824,0.882062974534224,0.888078661459877,0.948179235437101,0.968851591065289,1.000000000000000
3Y3M,2025-04-30,0.918813622595783,0.886032078963480,0.918813622595783,0.909330834817872,0.911878626300318,0.907724243297190,0.905572490345269,0.886420711183558,0.879807548862245,0.886032078963480,0.946868092581994,0.968055601852736,1.000000000000000
3Y4M,2025-06-02,0.917044353624761,0.883786285196184,0.917044353624761,0.907316561872654,0.909929605538413,0.905612441894433,0.903402926843843,0.884137121095547,0.877333241054957,0.883786285196184,0.945427929416627,0.967180769032338,1.000000000000000
3Y5M,2025-06-30,0.915545827685907,0.881885227743626,0.915545827685907,0.905610981195823,0.908279158130531,0.903824463705108,0.901566161741234,0.882204143562549,0.875239286092979,0.881885227743626,0.944207690689100,0.966439106650639,1.000000000000000
3Y6M,2025-07-31,0.913889601542962,0.879785255114957,0.913889601542962,0.903726399323765,0.906455368757036,0.901849033786171,0.899536956116565,0.880068990394749,0.872926807902758,0.879785255114957,0.942858549096415,0.965618643819622,1.000000000000000
3Y7M,2025-09-01,0.912183091341345,0.877622786382131,0.912183091341345,0.901785138028427,0.904576588587389,0.899814408943695,0.897447082749196,0.877870381512077,0.870546142096100,0.877622786382131,0.941467908792513,0.964772445040350,1.000000000000000
3Y8M,2025-09-30,0.910639319097570,0.875667640589476,0.910639319097570,0.900029472098659,0.902877307869249,0.897974495364323,0.895557329221868,0.875882636937148,0.868394272302224,0.875667640589476,0.940209412761166,0.964006217940569,1.000000000000000
3Y9M,2025-10-31,0.908991968848708,0.873582473473394,0.908991968848708,0.898156505380439,0.901064365201874,0.896011851337945,0.893541648014222,0.873762783385649,0.866099879389201,0.873582473473394,0.938865984152080,0.963187820521376,1.000000000000000
3Y10M,2025-12-01,0.907347598663177,0.871502271622330,0.907347598663177,0.896287436317169,0.899255062853163,0.894053496934038,0.891530503613545,0.871648060406319,0.863811548513903,0.871502271622330,0.937524475115807,0.962370117884357,1.000000000000000
3Y11M,2025-12-31,0.905759105016618,0.869493889513766,0.905759105016618,0.894482363251105,0.897507584279579,0.892162390713847,0.889588544865108,0.869606427589373,0.861602791544710,0.869493889513766,0.936228057880476,0.961579453721359,1.000000000000000
4Y,2026-02-02,0.904014973845381,0.867290014502767,0.904014973845381,0.892500981387339,0.895589279731937,0.890086793634549,0.887457275575457,0.867366154326960,0.859179681494498,0.867290014502767,0.934804049428606,0.960710473402537,1.000000000000000
4Y1M,2026-03-02,0.902518058789636,0.865387946440621,0.902518058789636,0.890806454515907,0.893947987203869,0.888293915115852,0.885636643202646,0.865470425060512,0.857123498512231,0.865387946440621,0.933597498494597,0.959973772631966,1.000000000000000
4Y2M,2026-03-31,0.900970295466919,0.863420948130640,0.900970295466919,0.889054157389866,0.892250602615808,0.886440812246640,0.883754925678758,0.863511359006605,0.854999067873620,0.863420948130640,0.932349498144677,0.959211356661806,1.000000000000000
4Y3M,2026-04-30,0.899371954130045,0.861390827004844,0.899371954130045,0.887245063409045,0.890498078979642,0.884527877262391,0.881812528512575,0.861489405350115,0.852806921858798,0.861390827004844,0.931060218838336,0.958423287674252,1.000000000000000
4Y4M,2026-06-01,0.897670181924259,0.859230625464313,0.897670181924259,0.885319420522943,0.888632514380140,0.882491963149330,0.879745343554475,0.859337872985244,0.850474827439796,0.859230625464313,0.929686952616882,0.957583394387967,1.000000000000000
4Y5M,2026-06-30,0.896130732414137,0.857277622542186,0.896130732414137,0.883577916890649,0.886945222551141,0.880650963947219,0.877876143310526,0.857392688485515,0.848366875920655,0.857277622542186,0.928444179747360,0.956822876868160,1.000000000000000
4Y6M,2026-07-31,0.894488033307216,0.855194838393226,0.894488033307216,0.881720097612888,0.885145108401667,0.878687246090202,0.875882424280999,0.855318222131237,0.846119325695371,0.855194838393226,0.927117535451613,0.956010577778714,1.000000000000000
4Y7M,2026-08-31,0.892848345435440,0.853117114436783,0.892848345435440,0.879866184603497,0.883348647703239,0.876727907025670,0.873893233128895,0.853248774959782,0.843877729830352,0.853117114436783,0.925792786784193,0.955198968294237,1.000000000000000
4Y8M,2026-09-30,0.891264412618510,0.851111220231244,0.891264412618510,0.878075786791099,0.881613608937744,0.874835932443896,0.871972510889896,0.851250851640730,0.841714097995003,0.851111220231244,0.924512574284121,0.954414195805224,1.000000000000000
4Y9M,2026-11-02,0.889525331799394,0.848910183579377,0.889525331799394,0.876110556802458,0.879709002156707,0.872759475781718,0.869864591946553,0.849058538928295,0.839340509641549,0.848910183579377,0.923106385152575,0.953551690737183,1.000000000000000
4Y10M,2026-11-30,0.888052409447264,0.847047101645902,0.888052409447264,0.874446538574099,0.878096199240963,0.871001499225602,0.868080051237219,0.847202823077332,0.837331805630707,0.847047101645902,0.921914932385681,0.952820479529652,1.000000000000000
4Y11M,2026-12-31,0.886424518730953,0.844989172883573,0.886424518730953,0.872607919018677,0.876314044771145,0.869059298208923,0.866108579828077,0.845153011158796,0.835113490251125,0.844989172883573,0.920597669695578,0.952011578293447,1.000000000000000
5Y,2027-02-01,0.884747245383061,0.842870103518344,0.884747245383061,0.870714044033159,0.874478195263367,0.867058988059529,0.864078208779345,0.843042278228729,0.832829780468841,0.842870103518344,0.919240001454600,0.951177303768446,1.000000000000000
5Y1M,2027-03-01,0.883278907548393,0.840998028062859,0.883278907548393,0.869050170958656,0.872864833249965,0.865305159493699,0.862298946580375,0.841165681545944,0.830809025928764,0.840998028062859,0.918053684312181,0.950447913309993,1.000000000000000
5Y2M,2027-03-31,0.881708260714957,0.838995966006615,0.881708260714957,0.867270577815433,0.871139132081426,0.863429703523756,0.860396398652579,0.839158330337226,0.828648278768644,0.838995966006615,0.916784329110371,0.949667044193335,1.000000000000000
5Y3M,2027-04-30,0.880140406806219,0.836998670016810,0.880140406806219,0.865494628825173,0.869416842717796,0.861558312403140,0.858498048443720,0.837155769455745,0.826493151225240,0.836998670016810,0.915516728993972,0.948886816623224,1.000000000000000
5Y4M,2027-05-31,0.878523219947728,0.834939792459787,0.878523219947728,0.863663301993851,0.867640720834358,0.859628802570351,0.856540819993648,0.835091476907045,0.824272074292107,0.834939792459787,0.914208716777427,0.948081254887855,1.000000000000000
5Y5M,2027-06-30,0.876961029679492,0.832952152510640,0.876961029679492,0.861894739784623,0.865925348019714,0.857765649494205,0.854650976606254,0.833098621132807,0.822128328270930,0.832952152510640,0.912944677854637,0.947302330170722,1.000000000000000
5Y6M,2027-08-02,0.875245828653930,0.830771213284837,0.875245828653930,0.859953503975730,0.864042354715247,0.855720844875981,0.852576964515458,0.830911972218412,0.819776646676717,0.830771213284837,0.911556253580209,0.946446252102803,1.000000000000000
5Y7M,2027-08-31,0.873741300375708,0.828859344928919,0.873741300375708,0.858251179198657,0.862390983571309,0.853927919832611,0.850758503185215,0.828995110143280,0.817715571315041,0.828859344928919,0.910337866402289,0.945694579757086,1.000000000000000
5Y8M,2027-09-30,0.872187613318371,0.826886179964112,0.872187613318371,0.856493699636827,0.860685989772275,0.852077122807330,0.848881417710730,0.827016802691044,0.815588877281440,0.826886179964112,0.909079179545661,0.944917615884808,1.000000000000000
5Y9M,2027-11-01,0.870533392186477,0.824786647834758,0.870533392186477,0.854623021344754,0.858871044999318,0.850107360558948,0.846883757877462,0.824911811409558,0.813326499741691,0.824786647834758,0.907738498408578,0.944089557998611,1.000000000000000
5Y10M,2027-11-30,0.869036964482622,0.822888551864215,0.869036964482622,0.852931248548241,0.857229557342682,0.848326197010782,0.845077439587141,0.823008791331031,0.811281641283705,0.822888551864215,0.906525214046783,0.943339757351134,1.000000000000000
5Y11M,2027-12-31,0.867440179301944,0.820864382851700,0.867440179301944,0.851126504961490,0.855478332727379,0.846426321268212,0.843150807825691,0.820979382973058,0.809101443012178,0.820864382851700,0.905230048139893,0.942538904816710,1.000000000000000
6Y,2028-01-31,0.865846328084973,0.818845192958389,0.865846328084973,0.849325580087466,0.853730685669134,0.844530700407608,0.841228568454536,0.818954978812278,0.806927103697962,0.818845192958389,0.903936732655585,0.941738732169651,1.000000000000000
6Y1M,2028-02-29,0.864336140397256,0.816943772876550,0.864336140397256,0.847615331118169,0.852069907389343,0.842717457815408,0.839426073103708,0.817065700774877,0.804888794393304,0.816943772876550,0.902728529738439,0.940990798559802,1.000000000000000
6Y2M,2028-03-31,0.862722990220889,0.814914760069625,0.862722990220889,0.845788653701993,0.850295864594770,0.840780011647887,0.837502887547173,0.815050947129919,0.802714852009316,0.814914760069625,0.901438788210264,0.940191940184520,1.000000000000000
6Y3M,2028-05-02,0.861060960820093,0.812825580942008,0.861060960820093,0.843907180275455,0.848468468798433,0.838784739226214,0.835522285283113,0.812976412329546,0.800476941089995,0.812825580942008,0.900109374879962,0.939368023540866,1.000000000000000
6Y4M,2028-05-31,0.859557512534848,0.810936889063244,0.859557512534848,0.842205710433084,0.846815783876626,0.836980613865504,0.833731410596334,0.811100926471988,0.798454223962827,0.810936889063244,0.898906287613792,0.938621972759664,1.000000000000000
6Y5M,2028-06-30,0.858004983573980,0.808987687948530,0.858004983573980,0.840449179082457,0.845109497340372,0.835118360662050,0.831882820936219,0.809165321559822,0.796367136406761,0.808987687948530,0.897663406732619,0.937850819600737,1.000000000000000
6Y6M,2028-07-31,0.856403649525933,0.806978435373274,0.856403649525933,0.838637945285107,0.843349946391113,0.833198385168146,0.829976917513374,0.807170048989404,0.794216210361934,0.806978435373274,0.896380901820183,0.937054626924730,1.000000000000000
6Y7M,2028-08-31,0.854805304121056,0.804974173103768,0.854805304121056,0.836830614838430,0.841594058895588,0.831282823786147,0.828075380652460,0.805179696442774,0.792071093802004,0.804974173103768,0.895100229241379,0.936259110180081,1.000000000000000
6Y8M,2028-10-02,0.853158528083429,0.802910478441303,0.853158528083429,0.834969068744804,0.839785364405252,0.829310089337262,0.826117073405858,0.803130286762672,0.789862856910334,0.802910478441303,0.893780163816778,0.935438639985985,1.000000000000000
6Y9M,2028-10-31,0.851668877774736,0.801044825421071,0.851668877774736,0.833285619755405,0.838149592823460,0.827526342811966,0.824346358032806,0.801277515302447,0.787866960405669,0.801044825421071,0.892585536181679,0.934695709940850,1.000000000000000
6Y10M,2028-11-30,0.850130597230929,0.799119401275611,0.850130597230929,0.831547692433141,0.836460768178441,0.825685125037845,0.822518577365741,0.799365352901926,0.785807547004689,0.799119401275611,0.891351394744448,0.933927782521425,1.000000000000000
6Y11M,2029-01-02,0.848441697532440,0.797006779659807,0.848441697532440,0.829640158589618,0.834606991139758,0.823664516761915,0.820512699089450,0.797267244302549,0.783548409226864,0.797006779659807,0.889995899405346,0.933083791045660,1.000000000000000
7Y,2029-01-31,0.846960283006260,0.795154844549302,0.846960283006260,0.827967453649011,0.832981306225568,0.821892913186034,0.818753996241108,0.795427998515455,0.781568468636508,0.795154844549302,0.888806529085810,0.932342731233327,1.000000000000000
7Y1M,2029-02-28,0.845476075508660,0.793339335859934,0.845476075508660,0.826297424847968,0.831356124367643,0.820141454234473,0.817011749380903,0.793589498205993,0.779635971764186,0.793339335859934,0.887659679738760,0.931627783673629,1.000000000000000
7Y2M,2029-04-03,0.843672069480366,0.791137425792164,0.843672069480366,0.824268637564809,0.829381494739115,0.818015548246463,0.814896697308845,0.791356532697907,0.777293409235092,0.791137425792164,0.886269066213174,0.930760370075700,1.000000000000000
7Y3M,2029-04-30,0.842242218941541,0.789393204554102,0.842242218941541,0.822661090859780,0.827816748153489,0.816331255075871,0.813220998321312,0.789587772080815,0.775438154164300,0.789393204554102,0.885166307569362,0.930072116995428,1.000000000000000
7Y4M,2029-05-31,0.840603526850290,0.787395321891414,0.840603526850290,0.820819254970648,0.826023827459902,0.814401713228444,0.811301296541582,0.787561847578890,0.773313506623340,0.787395321891414,0.883901869276413,0.929282528084022,1.000000000000000
7Y5M,2029-07-02,0.838915317873938,0.785338295014685,0.838915317873938,0.818922330234462,0.824177143620215,0.812414711841251,0.809324422086792,0.785476022867104,0.771126427982889,0.785338295014685,0.882598537178768,0.928468171665060,1.000000000000000
7Y6M,2029-07-31,0.837388307266444,0.783478756571464,0.837388307266444,0.817207029075647,0.822507152714215,0.810618179660563,0.807537040700901,0.783590516269977,0.769149731264198,0.783478756571464,0.881419052526212,0.927730777600718,1.000000000000000
7Y7M,2029-08-31,0.835759059093456,0.781495842840629,0.835759059093456,0.815377404152667,0.820725731768077,0.808702141667144,0.805630756557437,0.781579979528503,0.767042313572168,0.781495842840629,0.880159967094899,0.926943176379933,1.000000000000000
7Y8M,2029-10-01,0.834132980835294,0.779517947684747,0.834132980835294,0.813551875532386,0.818948169099130,0.806790632564989,0.803728972417135,0.779574601422700,0.764940670060571,0.779517947684747,0.878902680236149,0.926156243796751,1.000000000000000
7Y9M,2029-10-31,0.832562369086406,0.777608621986430,0.832562369086406,0.811789126519506,0.817231612884218,0.804945087071464,0.801892810748980,0.777638812174265,0.762912304387902,0.777608621986430,0.877687661078681,0.925395332232999,1.000000000000000
7Y10M,2029-11-30,0.830994714685234,0.775703972927867,0.830994714685234,0.810030196911603,0.815518654656762,0.803103763290526,0.800060843890004,0.775707829752537,0.760889317259561,0.775703972927867,0.876474321597002,0.924635045819066,1.000000000000000
7Y11M,2029-12-31,0.829377906080534,0.773740736469851,0.829377906080534,0.808216640023439,0.813752369696713,0.801205486935847,0.798172208169729,0.773717518410089,0.758804532537302,0.773740736469851,0.875222299592169,0.923850072733716,1.000000000000000
8Y,2030-01-31,0.827764243187857,0.771782468785394,0.827764243187857,0.806407143463642,0.811989910231693,0.799311697489689,0.796288030791479,0.771732313808979,0.756725459982686,0.771782468785394,0.873972066069966,0.923065766054801,1.000000000000000
8Y1M,2030-02-28,0.826244319701376,0.769988809382520,0.826244319701376,0.804709816120008,0.810334402543237,0.797540842293201,0.794561235534121,0.769943604235702,0.754811266430908,0.769988809382520,0.872844358002449,0.922357932342183,1.000000000000000
8Y2M,2030-04-01,0.824498304111447,0.767938476951445,0.824498304111447,0.802761766070009,0.808433815721323,0.795509617410269,0.792586871678951,0.767904440706725,0.752621716886327,0.767938476951445,0.871557330440256,0.921549644141250,1.000000000000000
8Y3M,2030-04-30,0.822919164719816,0.766085079450715,0.822919164719816,0.801000419436914,0.806715259624573,0.793673288707793,0.790801842412601,0.766061114052870,0.750642924276730,0.766085079450715,0.870392601005781,0.920817744806060,1.000000000000000
8Y4M,2030-05-31,0.821234463569213,0.764108807654194,0.821234463569213,0.799121873967884,0.804882222113597,0.791715003909328,0.788898153053174,0.764095554255963,0.748533416080503,0.764108807654194,0.869149266589185,0.920036012435592,1.000000000000000
8Y5M,2030-07-01,0.819553211381873,0.762137634051488,0.819553211381873,0.797247734155821,0.803053349673848,0.789761550921894,0.786999046426085,0.762135037692871,0.746429836168798,0.762137634051488,0.867907708245215,0.919254943720340,1.000000000000000
8Y6M,2030-07-31,0.817929470357819,0.760234888465696,0.817929470357819,0.795438235506783,0.801287429907591,0.787875701845265,0.785165554283522,0.760242553241570,0.744399742497684,0.760234888465696,0.866707888838419,0.918499702127577,1.000000000000000
8Y7M,2030-09-02,0.816147070666286,0.758147354549412,0.816147070666286,0.793452530202723,0.799349403012113,0.785806468602578,0.783153646165507,0.758166247581397,0.742173016009173,0.758147354549412,0.865390003158676,0.917669653023571,1.000000000000000
8Y8M,2030-09-30,0.814637777830471,0.756380609477295,0.814637777830471,0.791771577174440,0.797708692884131,0.784055017895380,0.781450615960305,0.756408981232797,0.740288896562800,0.756380609477295,0.864273368742087,0.916965957207580,1.000000000000000
8Y9M,2030-10-31,0.812970030546808,0.754429372328783,0.812970030546808,0.789914675638915,0.795896120307323,0.782120464919300,0.779569437714712,0.754468186880680,0.738208485964938,0.754429372328783,0.863038775498232,0.916187494829537,1.000000000000000
8Y10M,2030-12-02,0.811252066121960,0.752420471692575,0.811252066121960,0.788002441821770,0.794029397540621,0.780128513578945,0.777632326197581,0.752470009349238,0.736067097612466,0.752420471692575,0.861766206475904,0.915384613956564,1.000000000000000
8Y11M,2030-12-31,0.809698296893125,0.750604526452705,0.809698296893125,0.786273478751483,0.792341462133164,0.778327690119678,0.775880976900333,0.750663732485956,0.734131830398879,0.750604526452705,0.860614561677264,0.914657610919172,1.000000000000000
9Y,2031-01-31,0.808040661841107,0.748668189881533,0.808040661841107,0.784429471626036,0.790541085105130,0.776407268574098,0.774013206391098,0.748737679294502,0.732068722810368,0.748668189881533,0.859385194949284,0.913881108222104,1.000000000000000
9Y1M,2031-02-28,0.806518478924498,0.746877070387526,0.806518478924498,0.782731440365594,0.788881976294360,0.774617890685918,0.772291623084753,0.747002266339954,0.730171664402382,0.746877070387526,0.858276308687269,0.913180317572604,1.000000000000000
9Y2M,2031-03-31,0.804832853123113,0.744890492444595,0.804832853123113,0.780849101921365,0.787042451796798,0.772633801861122,0.770384957704092,0.745085607739248,0.728071971332820,0.744890492444595,0.857050282096158,0.912405069030374,1.000000000000000
9Y3M,2031-04-30,0.803204956752523,0.742973028868595,0.803204956752523,0.779031794214217,0.785266351005917,0.770718554776315,0.768544279710189,0.743235459330111,0.726045759370439,0.742973028868595,0.855865472292893,0.911655455158524,1.000000000000000
9Y4M,2031-06-02,0.801418073518761,0.740869519350478,0.801418073518761,0.777037640438592,0.783317269127146,0.768617266030340,0.766524613115815,0.741205601905703,0.723823438552430,0.740869519350478,0.854564073212249,0.910831591207382,1.000000000000000
9Y5M,2031-06-30,0.799905047944000,0.739089394376183,0.799905047944000,0.775349634752321,0.781667296949445,0.766838847667851,0.764815119340526,0.739487646687071,0.721943168160660,0.739089394376183,0.853461407764478,0.910133139016343,1.000000000000000
9Y6M,2031-07-31,0.798233244231243,0.737123530451668,0.798233244231243,0.773485048318268,0.779844595728108,0.764874683908697,0.762926912260372,0.737590269099339,0.719867137083714,0.737123530451668,0.852242259140876,0.909360477390068,1.000000000000000
9Y7M,2031-09-01,0.796511176244383,0.735099736031665,0.796511176244383,0.771565017133797,0.777967555644027,0.762852436899031,0.760982684818727,0.735636792029328,0.717730398906688,0.735099736031665,0.850985609811448,0.908563579224513,1.000000000000000
9Y8M,2031-09-30,0.794953761339921,0.733270472188718,0.794953761339921,0.769829106018541,0.776270390807602,0.761024394163038,0.759225008698974,0.733870922691397,0.715799458771854,0.733270472188718,0.849848371957500,0.907841993487012,1.000000000000000
9Y9M,2031-10-31,0.793292305829552,0.731320085700755,0.793292305829552,0.767977795534490,0.774460274157034,0.759075123414180,0.757350602714308,0.731987956495489,0.713741094641811,0.731320085700755,0.848634384466658,0.907071276939050,1.000000000000000
9Y10M,2031-12-01,0.791634322765692,0.729374886940373,0.791634322765692,0.766130937143093,0.772654378358283,0.757130845483530,0.755480824340370,0.730109821614715,0.711688649575886,0.729374886940373,0.847422131127079,0.906301214694372,1.000000000000000
9Y11M,2031-12-31,0.790033122422212,0.727497362937660,0.790033122422212,0.764347883729407,0.770910746805313,0.755254027978087,0.753675756738422,0.728296860109454,0.709708032120415,0.727497362937660,0.846250631543639,0.905556615627938,1.000000000000000
10Y,2032-02-02,0.788275542456222,0.725437668214051,0.788275542456222,0.762391317605213,0.768997296464771,0.753194901751649,0.751695163311263,0.726307801635308,0.707535718717115,0.725437668214051,0.844963852453304,0.904738263204210,1.000000000000000
10Y1M,2032-03-01,0.786780736369654,0.723654154939544,0.786780736369654,0.760699635304751,0.767341684126645,0.751454857984059,0.750034744027931,0.724531999680504,0.705659544651481,0.723654154939544,0.843873574411059,0.904044483554545,1.000000000000000
10Y2M,2032-03-31,0.785182303815074,0.721746511826912,0.785182303815074,0.758889878695069,0.765570351542589,0.749594985965459,0.748259793177062,0.722634172500929,0.703654878591902,0.721746511826912,0.842706980449695,0.903301738573566,1.000000000000000
10Y3M,2032-04-30,0.783587118653972,0.719843897500780,0.783587118653972,0.757084427620495,0.763803107905072,0.747739717182687,0.746489042732304,0.720741316458591,0.701655907468417,0.719843897500780,0.841541999219801,0.902559603817102,1.000000000000000
10Y4M,2032-05-31,0.781942165213554,0.717883131635572,0.781942165213554,0.755223307166899,0.761981241785701,0.745827429960264,0.744663669474117,0.718790573839376,0.699596269636147,0.717883131635572,0.840339877178057,0.901793371777635,1.000000000000000
10Y5M,2032-06-30,0.780353562754319,0.715990701664168,0.780353562754319,0.753426579117485,0.760222283254013,0.743981485985121,0.742901429225556,0.716907785656030,0.697608828372471,0.715990701664168,0.839178168296612,0.901052476265354,1.000000000000000
10Y6M,2032-08-02,0.778609827469645,0.713914790117594,0.778609827469645,0.751455114964253,0.758292118249618,0.741956224098745,0.740967781299179,0.714842414321419,0.695429163498210,0.713914790117594,0.837902143346345,0.900238194236895,1.000000000000000
10Y7M,2032-08-31,0.777080670961199,0.712095473488048,0.777080670961199,0.749726875231095,0.756599958628457,0.740181000266961,0.739272670227589,0.713032303672524,0.693519323246692,0.712095473488048,0.836782389940023,0.899523220561778,1.000000000000000
10Y8M,2032-09-30,0.775501945168127,0.710218300509404,0.775501945168127,0.747943223570263,0.754853422258106,0.738349031364945,0.737523187732954,0.711164598607155,0.691549145617108,0.710218300509404,0.835625599026454,0.898784190160620,1.000000000000000
10Y9M,2032-11-01,0.773821506049330,0.708221436652136,0.773821506049330,0.746045338753748,0.752994893738616,0.736399928596014,0.735661636181207,0.709177771887781,0.689453791516165,0.708221436652136,0.834393451315627,0.897996560293062,1.000000000000000
10Y10M,2032-11-30,0.772301753600024,0.706416628774588,0.772301753600024,0.744329540735348,0.751314555088828,0.734637998901907,0.733978663971204,0.707382005140962,0.687560361283852,0.706416628774588,0.833278386845697,0.897283366934832,1.000000000000000
10Y11M,2032-12-31,0.770680491080029,0.704492437130919,0.770680491080029,0.742499775279953,0.749522477367828,0.732759218323419,0.732183882067388,0.705467420540381,0.685542099459223,0.704492437130919,0.832088069170923,0.896521614180422,1.000000000000000
11Y,2033-01-31,0.769062632012307,0.702573486747622,0.769062632012307,0.740674507888168,0.747734674211372,0.730885242582780,0.730393488904335,0.703558017912435,0.683529762031958,0.702573486747622,0.830899451835661,0.895760508119443,1.000000000000000
11Y1M,2033-02-28,0.767604259347716,0.700844734339282,0.767604259347716,0.739062859633626,0.746156991180775,0.729196738972065,0.728780122884984,0.701837838532957,0.681717244615963,0.700844734339282,0.829827321442130,0.895073612873843,1.000000000000000
11Y2M,2033-03-31,0.765992858091577,0.698935719847843,0.765992858091577,0.737285439223662,0.744416994761792,0.727331874000303,0.726998052859490,0.699938259651964,0.679716134651696,0.698935719847843,0.828641933529379,0.894313736100093,1.000000000000000
11Y3M,2033-05-02,0.764333024262048,0.696970578318095,0.764333024262048,0.735455166250733,0.742625125339101,0.725411854457614,0.725163067362183,0.697982796684723,0.677656633892790,0.696970578318095,0.827420083381798,0.893530023817177,1.000000000000000
11Y4M,2033-05-31,0.762831906786471,0.695194441752512,0.762831906786471,0.733800406260642,0.741004969538858,0.723676215116552,0.723504112715008,0.696215377645628,0.675795601908444,0.695194441752512,0.826314337962499,0.892820377804549,1.000000000000000
11Y5M,2033-06-30,0.761282128942257,0.693361822013238,0.761282128942257,0.732092503449756,0.739332665760713,0.721885096024406,0.721791946377786,0.694391722559149,0.673875774540379,0.693361822013238,0.825172018370932,0.892086854325790,1.000000000000000
11Y6M,2033-08-01,0.759632502815738,0.691412352165172,0.759632502815738,0.730275121671324,0.737553034712127,0.719979454952580,0.719970101396955,0.692451755312755,0.671833969736399,0.691412352165172,0.823955284687020,0.891305093522012,1.000000000000000
11Y7M,2033-08-31,0.758089224916460,0.689589702488398,0.758089224916460,0.728575423875600,0.735888521278028,0.718197485446354,0.718266298267500,0.690637958596590,0.669925396732589,0.689589702488398,0.822816226315367,0.890572814970705,1.000000000000000
11Y8M,2033-09-30,0.756549082357843,0.687771857544768,0.756549082357843,0.726879682085649,0.734227764326301,0.716419926365036,0.716566527173678,0.688828912909651,0.668022245679849,0.687771857544768,0.821678742609230,0.889841138044902,1.000000000000000
11Y9M,2033-10-31,0.754960888797430,0.685898451955019,0.754960888797430,0.725131561792922,0.732515586197910,0.714587737115762,0.714814322785483,0.686964543701066,0.666061335958495,0.685898451955019,0.820504994740866,0.889085703404218,1.000000000000000
11Y10M,2033-11-30,0.753427101801504,0.684090337610749,0.753427101801504,0.723443835509205,0.730862441303199,0.712819112263616,0.713122720762317,0.685165120096567,0.664169162085253,0.684090337610749,0.819370706144613,0.888355248259724,1.000000000000000
11Y11M,2034-01-02,0.751743534910102,0.682106916558710,0.751743534910102,0.721591873249373,0.729048290698483,0.710878680401878,0.711266581823815,0.683191197610528,0.662093978781536,0.682106916558710,0.818124799728004,0.887552440728976,1.000000000000000
12Y,2034-01-31,0.750267142654914,0.680368658052790,0.750267142654914,0.719968305402110,0.727457754940226,0.709177813512476,0.709639418149320,0.681461233583141,0.660275686139616,0.680368658052790,0.817031476314803,0.886847542142725,1.000000000000000
12Y1M,2034-02-28,0.748880734008211,0.678678035659880,0.748880734008211,0.718441256142100,0.725962813159424,0.707616197997481,0.708164352870111,0.679795080214011,0.658510047426812,0.678678035659880,0.815977240117759,0.886167481619016,1.000000000000000
12Y2M,2034-03-31,0.747351856872959,0.676809773003210,0.747351856872959,0.716757521657448,0.724314464992364,0.705897797228980,0.706542677598312,0.677955161778612,0.656559484653791,0.676809773003210,0.814811636705432,0.885415165745495,1.000000000000000
12Y3M,2034-05-02,0.745776934980559,0.674886638124838,0.745776934980559,0.715023612030577,0.722616869940074,0.704128341181670,0.704872585334960,0.676061114419396,0.654552060614505,0.674886638124838,0.813610179624544,0.884639251530086,1.000000000000000
12Y4M,2034-05-31,0.744352528960947,0.673148517655858,0.744352528960947,0.713455879790420,0.721081861354445,0.702528603146070,0.703362474363652,0.674349205055881,0.652738134625867,0.673148517655858,0.812522889447180,0.883936666613263,1.000000000000000
12Y5M,2034-06-30,0.742881868327852,0.671355172458386,0.742881868327852,0.711837704911213,0.719497352671095,0.700877526293149,0.701803695024521,0.672582825861527,0.650866949132580,0.671355172458386,0.811399635532089,0.883210441815066,1.000000000000000
12Y6M,2034-07-31,0.741365238174208,0.669507068155369,0.741365238174208,0.710169446468386,0.717863684773812,0.699175489958742,0.700196585469703,0.670762427955373,0.648939025866825,0.669507068155369,0.810240571115291,0.882460636333801,1.000000000000000
12Y7M,2034-08-31,0.739851704296191,0.667664051307777,0.739851704296191,0.708505097745728,0.716233726231107,0.697477586910929,0.698593156147891,0.668946957098214,0.647016813273772,0.667664051307777,0.809083162393496,0.881711467403275,1.000000000000000
12Y8M,2034-10-02,0.738292587749534,0.665766903726105,0.738292587749534,0.706791151574884,0.714555070220907,0.695729237590577,0.696941854588473,0.667078076545372,0.645038565856520,0.665766903726105,0.807890152069766,0.880938798842904,1.000000000000000
12Y9M,2034-10-31,0.736882476552877,0.664052270456508,0.736882476552877,0.705241469499022,0.713037186798417,0.694148581822646,0.695448734324082,0.665388913863068,0.643251004119746,0.664052270456508,0.806810506007398,0.880239152844108,1.000000000000000
12Y10M,2034-11-30,0.735426574937285,0.662283158709459,0.735426574937285,0.703641925557981,0.711470355520882,0.692517199625817,0.693907493274123,0.663646005107797,0.641407015108531,0.662283158709459,0.805695149047760,0.879515965849741,1.000000000000000
12Y11M,2035-01-02,0.733828405309813,0.660342578954704,0.733828405309813,0.701886617122673,0.709750817445792,0.690727107202440,0.692216072927428,0.661734077991502,0.639384732069292,0.660342578954704,0.804470037204609,0.878721146387391,1.000000000000000
13Y,2035-01-31,0.732426820534451,0.658641915631144,0.732426820534451,0.700347688533345,0.708243139388779,0.689157815979540,0.690733077123659,0.660058447282814,0.637612838507228,0.658641915631144,0.803394961706119,0.878023261659263,1.000000000000000
13Y1M,2035-02-28,0.731076106426161,0.657004051981582,0.731076106426161,0.698865028200063,0.706790489217211,0.687646021378242,0.689304233887169,0.658444623118555,0.635906704163318,0.657004051981582,0.802358321045745,0.877349967850825,1.000000000000000
13Y2M,2035-04-02,0.729487390885441,0.655078940727732,0.729487390885441,0.697121636235225,0.705082261814776,0.685868520496675,0.687624034123423,0.656547680893588,0.633901762976091,0.655078940727732,0.801138283066460,0.876557105803045,1.000000000000000
13Y3M,2035-04-30,0.728142097563209,0.653449937229552,0.728142097563209,0.695645805566485,0.703636094797220,0.684363941570855,0.686201622220845,0.654942440453478,0.632205558785770,0.653449937229552,0.800104554255111,0.875884936285618,1.000000000000000
13Y4M,2035-05-31,0.726655559382128,0.651651122398978,0.726655559382128,0.694015494358822,0.702038440969625,0.682702007422856,0.684630240947961,0.653169787627076,0.630332912145551,0.651651122398978,0.798961624584028,0.875141349825255,1.000000000000000
13Y5M,2035-07-02,0.725124251554121,0.649799475079444,0.725124251554121,0.692336600017980,0.700393054826576,0.680990695671654,0.683011944269053,0.651344984777093,0.628405675588666,0.649799475079444,0.797783538682978,0.874374438843728,1.000000000000000
13Y6M,2035-07-31,0.723739291386498,0.648125964737758,0.723739291386498,0.690818610415082,0.698905254863419,0.679443525001138,0.681548667285335,0.649695661136764,0.626664207713234,0.648125964737758,0.796717398869348,0.873680006292465,1.000000000000000
13Y7M,2035-08-31,0.722261741752443,0.646341805721088,0.722261741752443,0.689199612192122,0.697318342731118,0.677793539770700,0.679987941140641,0.647937209128039,0.624807975026236,0.646341805721088,0.795579307666401,0.872938291717347,1.000000000000000
13Y8M,2035-10-01,0.720787208609198,0.644562558131471,0.720787208609198,0.687584408243385,0.695735033791235,0.676147561424073,0.678430789012325,0.646183516506903,0.622957240658348,0.644562558131471,0.794442842198738,0.872197206824158,1.000000000000000
13Y9M,2035-10-31,0.719363107351667,0.642845369223263,0.719363107351667,0.686024911926555,0.694206222346328,0.674558485074971,0.676927262828475,0.644490914052959,0.621171427190707,0.642845369223263,0.793344582636570,0.871480626932818,1.000000000000000
13Y10M,2035-11-30,0.717941819773912,0.641132755104126,0.717941819773912,0.684468952671841,0.692680770318902,0.672973143359828,0.675427068732470,0.642802745173988,0.619390733062778,0.641132755104126,0.792247841338525,0.870764635769275,1.000000000000000
13Y11M,2035-12-31,0.716476105965494,0.639367846971856,0.716476105965494,0.682864835467499,0.691107991304033,0.671338871038190,0.673880360866100,0.641062949380234,0.617556045026374,0.639367846971856,0.791116134788549,0.870025396211089,1.000000000000000
14Y,2036-01-31,0.715013384484461,0.637607797272867,0.715013384484461,0.681264477662315,0.689538783391373,0.669708567442567,0.672337194914667,0.639327862479569,0.615726791491991,0.637607797272867,0.789986044853535,0.869286784233656,1.000000000000000
14Y1M,2036-02-29,0.713647735694332,0.635965685692913,0.713647735694332,0.679770764353083,0.688074040459593,0.668187029101550,0.670896787391971,0.637708968372526,0.614020459946812,0.635965685692913,0.788930325433677,0.868596392323123,1.000000000000000
14Y2M,2036-03-31,0.712190788471391,0.634215001452264,0.712190788471391,0.678177657793828,0.686511721339614,0.666564379552883,0.669360453734913,0.635982959283201,0.612201679116170,0.634215001452264,0.787803357873551,0.867858993504974,1.000000000000000
14Y3M,2036-04-30,0.710783671661672,0.632525379627084,0.710783671661672,0.676639496737809,0.685003177244993,0.664997825517740,0.667877029065922,0.634317076000742,0.610446698305091,0.632525379627084,0.786714276916514,0.867145977803480,1.000000000000000
14Y4M,2036-06-02,0.709239054001031,0.630671994213412,0.709239054001031,0.674951548687606,0.683347607148938,0.663278868111823,0.666249058757195,0.632489643892960,0.608522029607582,0.630671994213412,0.785518026723167,0.866362337111761,1.000000000000000
14Y5M,2036-06-30,0.707931101903249,0.629103684165715,0.707931101903249,0.673522652862702,0.681946019242810,0.661823843749165,0.664870862905641,0.630943224670298,0.606893736902295,0.629103684165715,0.784504453120181,0.865697985239877,1.000000000000000
14Y6M,2036-07-31,0.706485825471526,0.627371889620224,0.706485825471526,0.671944189338894,0.680397614213687,0.660216646789953,0.663348328436144,0.629235527594298,0.605096066031506,0.627371889620224,0.783383807809767,0.864963047037472,1.000000000000000
14Y7M,2036-09-01,0.704997022061227,0.625589231019884,0.704997022061227,0.670318687738408,0.678802948251173,0.658561698520128,0.661780336938455,0.627477591440765,0.603245990878498,0.625589231019884,0.782228691730728,0.864205055588981,1.000000000000000
14Y8M,2036-09-30,0.703650504148256,0.623978072365698,0.703650504148256,0.668848973731393,0.677361010764159,0.657065485207447,0.660362546307640,0.625888704369356,0.601574246725147,0.623978072365698,0.781183339061513,0.863518699612746,1.000000000000000
14Y9M,2036-10-31,0.702213966769008,0.622260387587453,0.702213966769008,0.667281463413093,0.675823016310047,0.655469843618220,0.658850335748849,0.624194687747002,0.599792332636736,0.622260387587453,0.780067437880823,0.862785611524686,1.000000000000000
14Y10M,2036-12-01,0.700780362152020,0.620547431246197,0.700780362152020,0.665717626702280,0.674288513977422,0.653878076942740,0.657341588107189,0.622505256112836,0.598015696729424,0.620547431246197,0.778953130737516,0.862053145795060,1.000000000000000
14Y11M,2036-12-31,0.699395789585978,0.618894221402544,0.699395789585978,0.664207725991263,0.672806829216314,0.652341338149987,0.655884799433297,0.620874676103947,0.596301382462924,0.618894221402544,0.777876284577072,0.861344900062661,1.000000000000000
15Y,2037-02-02,0.697875919150791,0.617080777136909,0.697875919150791,0.662550790294453,0.671180736223064,0.650655096584421,0.654286060544320,0.619085970800325,0.594421312330193,0.617080777136909,0.776693473125535,0.860566501810727,1.000000000000000
15Y1M,2037-03-02,0.696813709615419,0.615634290585740,0.696813709615419,0.661405508691860,0.670064834158169,0.649555475910248,0.653268158423443,0.617643931852892,0.592903353365158,0.615634290585740,0.775691286065289,0.859906594354149,1.000000000000000
15Y2M,2037-03-31,0.695715268384302,0.614143086891380,0.695715268384302,0.660231267824237,0.668921020652603,0.648418542152929,0.652215572065809,0.616153932447919,0.591335267964879,0.614143086891380,0.774654669836624,0.859223652237320,1.000000000000000
15Y3M,2037-04-30,0.694580771986810,0.612604263278858,0.694580771986810,0.659018729631351,0.667739819926053,0.647244497860104,0.651128474318610,0.614616336168635,0.589717474702861,0.612604263278858,0.773583765986359,0.858517731160595,1.000000000000000
15Y4M,2037-06-01,0.693372681547330,0.610967101074705,0.693372681547330,0.657727809963765,0.666482171408750,0.645994526909615,0.649970900484983,0.612980462497933,0.587996706705068,0.610967101074705,0.772443100277334,0.857765387923706,1.000000000000000
15Y5M,2037-06-30,0.692279664674339,0.609487202355308,0.692279664674339,0.656560098379749,0.665344473577115,0.644863825973475,0.648923626874770,0.611501713210068,0.586441598193769,0.609487202355308,0.771410824850431,0.857084146363730,1.000000000000000
15Y6M,2037-07-31,0.691113172604741,0.607909205429576,0.691113172604741,0.655314147382371,0.664130461336219,0.643657334109943,0.647805993436581,0.609924925834020,0.584783788679066,0.607909205429576,0.770308883465862,0.856356520918623,1.000000000000000
15Y7M,2037-08-31,0.689948646075687,0.606335294027360,0.689948646075687,0.654070560820315,0.662918664227152,0.642453099502219,0.646690284885160,0.608352204282116,0.583130665619750,0.606335294027360,0.769208516177451,0.855629513194413,1.000000000000000
15Y8M,2037-09-30,0.688823553255393,0.604816033960007,0.688823553255393,0.652869336984839,0.661748062640937,0.641289856402516,0.645612396558134,0.606834077014662,0.581535318761846,0.604816033960007,0.768145141239293,0.854926544990897,1.000000000000000
15Y9M,2037-11-02,0.687588070091356,0.603149244284777,0.687588070091356,0.651550538644032,0.660462788236679,0.640012721506586,0.644428794355145,0.605168512313166,0.579785477870144,0.603149244284777,0.766977126623711,0.854153947012893,1.000000000000000
15Y10M,2037-11-30,0.686541519287098,0.601738601205454,0.686541519287098,0.650433647553036,0.659374210193528,0.638931086668103,0.643426227624649,0.603758891346651,0.578304894072635,0.601738601205454,0.765987476808947,0.853498956890092,1.000000000000000
15Y11M,2037-12-31,0.685384695999396,0.600180665847457,0.685384695999396,0.649199322692453,0.658171091516969,0.637735694514947,0.642318062291751,0.602202069219278,0.576670086175743,0.600180665847457,0.764893282543627,0.852774375107731,1.000000000000000
16Y,2038-02-01,0.684192600375680,0.598576705247298,0.684192600375680,0.647927637782502,0.656931465134541,0.636504087147300,0.641176151576584,0.600599237580243,0.574987389847175,0.598576705247298,0.763765431137194,0.852027064935305,1.000000000000000
16Y1M,2038-03-01,0.683151217682558,0.597176756404285,0.683151217682558,0.646816957085720,0.655848707435641,0.635428381974011,0.640178645128101,0.599200259840093,0.573519058808068,0.597176756404285,0.762779925453635,0.851373705767624,1.000000000000000
16Y2M,2038-03-31,0.682037209365328,0.595680444366880,0.682037209365328,0.645629054751350,0.654690590190387,0.634277858019408,0.639111610250784,0.597704971014432,0.571950007680487,0.595680444366880,0.761725437575513,0.850674234050911,1.000000000000000
16Y3M,2038-04-30,0.680925017651069,0.594187881553955,0.680925017651069,0.644443334041843,0.653534517983172,0.633129417234848,0.638046353882385,0.596213413643549,0.570385249211368,0.594187881553955,0.760672407450339,0.849975337006260,1.000000000000000
16Y4M,2038-05-31,0.679777658175394,0.592649495437272,0.679777658175394,0.643220376970914,0.652342054625937,0.631944879570166,0.636947454241995,0.594676047903185,0.568772829328295,0.592649495437272,0.759585805630833,0.849253746616864,1.000000000000000
16Y5M,2038-06-30,0.678669151090180,0.591164527101726,0.678669151090180,0.642039079883774,0.651190129532998,0.630800662939999,0.635885805038500,0.593192049131965,0.567216763081692,0.591164527101726,0.758535733391511,0.848556016616459,1.000000000000000
16Y6M,2038-08-02,0.677451880998063,0.589535359098881,0.677451880998063,0.640742158700135,0.649925361182255,0.629544417373391,0.634720034610755,0.591563927416878,0.565510006751548,0.589535359098881,0.757382330505159,0.847789175691350,1.000000000000000
16Y7M,2038-08-31,0.676383961311759,0.588107372843262,0.676383961311759,0.639604602966977,0.648815926142788,0.628442509489634,0.633697334145818,0.590136843211242,0.564014370101383,0.588107372843262,0.756370181949142,0.847115857289010,1.000000000000000
16Y8M,2038-09-30,0.675280988296358,0.586633785447513,0.675280988296358,0.638429946377327,0.647670227592891,0.627304634346234,0.632641102166913,0.588664171908496,0.562471322194276,0.586633785447513,0.755324555076143,0.846419883735989,1.000000000000000
16Y9M,2038-11-01,0.674106466140224,0.585066028383478,0.674106466140224,0.637179357073719,0.646450378967533,0.626093171641442,0.631516395116262,0.587097372975500,0.560830057194633,0.585066028383478,0.754210812961789,0.845678142183096,1.000000000000000
16Y10M,2038-11-30,0.673043820089561,0.583648867844646,0.673043820089561,0.636048126639062,0.645346875789262,0.624997304562393,0.630498856554876,0.585681063850969,0.559346797874656,0.583648867844646,0.753202902749832,0.845006500374124,1.000000000000000
16Y11M,2038-12-31,0.671909740441280,0.582137767832034,0.671909740441280,0.634841101113567,0.644169351908106,0.623827981470737,0.629412955879293,0.584170856294849,0.557765582547519,0.582137767832034,0.752126970934022,0.844289128300960,1.000000000000000
17Y,2039-01-31,0.670777571718573,0.580630580143037,0.670777571718573,0.633636366154709,0.642993976580763,0.622660846094905,0.628328925437517,0.582664542883517,0.556188837151951,0.580630580143037,0.751052576060339,0.843572365244047,1.000000000000000
17Y1M,2039-02-28,0.669756607513846,0.579272603626805,0.669756607513846,0.632550183625012,0.641934190719620,0.621608536287515,0.627351405993989,0.581307340485537,0.554768511510703,0.579272603626805,0.750083474092399,0.842925489386322,1.000000000000000
17Y2M,2039-03-31,0.668628066822718,0.577772834010394,0.668628066822718,0.631349796129452,0.640762893750407,0.620445553327196,0.626270926135041,0.579808410791179,0.553200238523806,0.577772834010394,0.749011998303679,0.842209883996805,1.000000000000000
17Y3M,2039-05-02,0.667465116151357,0.576228757510885,0.667465116151357,0.630113075787063,0.639556054680427,0.619247337010823,0.625157543960173,0.578265182508023,0.551586026112511,0.576228757510885,0.747907564188489,0.841471831785106,1.000000000000000
17Y4M,2039-05-31,0.666412939373266,0.574833002815059,0.666412939373266,0.628994390630848,0.638464320245760,0.618163452373270,0.624150251175947,0.576870180090904,0.550127215010101,0.574833002815059,0.746908077495127,0.840803530648885,1.000000000000000
17Y5M,2039-06-30,0.665326226010317,0.573392676257829,0.665326226010317,0.627839220073318,0.637336900870876,0.617044188770964,0.623109932052904,0.575430615404506,0.548622160010153,0.573392676257829,0.745875531294699,0.840112743177981,1.000000000000000
17Y6M,2039-08-01,0.664169018259691,0.571860305567683,0.664169018259691,0.626609376427254,0.636136514456162,0.615852541234860,0.622002169481819,0.573899039138693,0.547021306217749,0.571860305567683,0.744775721966792,0.839376528749772,1.000000000000000
17Y7M,2039-08-31,0.663085964037967,0.570427427529886,0.663085964037967,0.625458586033090,0.635013205590300,0.614737461831273,0.620965430731386,0.572466888858067,0.545524748458857,0.570427427529886,0.743746123593098,0.838686913675269,1.000000000000000
17Y8M,2039-09-30,0.662004675942657,0.568998139773581,0.662004675942657,0.624309909106393,0.633891880296798,0.613624401420859,0.619930419992992,0.571038312471604,0.544032285028833,0.568998139773581,0.742717948564419,0.837997865174806,1.000000000000000
17Y9M,2039-10-31,0.660889197265572,0.567524971326663,0.660889197265572,0.623125159140863,0.632735257625917,0.612476356178188,0.618862721209899,0.569565861973276,0.542494362239583,0.567524971326663,0.741656994247705,0.837286443114050,1.000000000000000
17Y10M,2039-11-30,0.659811491417344,0.566102956090778,0.659811491417344,0.621980767635600,0.631617954801000,0.611367389787323,0.617831215218833,0.568144525024735,0.541010189433630,0.566102956090778,0.740631707288700,0.836598545212368,1.000000000000000
17Y11M,2040-01-02,0.658628044676547,0.564542854325368,0.658628044676547,0.620724364312755,0.630391200335961,0.610149845770471,0.616698544298467,0.566585150721162,0.539382288733955,0.564542854325368,0.739505528637773,0.835842510266185,1.000000000000000
18Y,2040-01-31,0.657589798456275,0.563175405495977,0.657589798456275,0.619622347612672,0.629315110483194,0.609081884707242,0.615704881181520,0.565218325121648,0.537955753553589,0.563175405495977,0.738517270234018,0.835178679965261,1.000000000000000
18Y1M,2040-02-29,0.656553188903652,0.561811268932939,0.656553188903652,0.618522287402261,0.628240857536415,0.608015792923896,0.614712819116496,0.563854796841553,0.536532991212382,0.561811268932939,0.737530332516363,0.834515376881681,1.000000000000000
18Y2M,2040-04-03,0.655339934361888,0.560216143725494,0.655339934361888,0.617235048519214,0.626983723612258,0.606768268304536,0.613551747307979,0.562260365851136,0.534869716233454,0.560216143725494,0.736374912619146,0.833738382036450,1.000000000000000
18Y3M,2040-04-30,0.654378064850490,0.558952653579158,0.654378064850490,0.616214738075901,0.625987203643915,0.605779410676344,0.612631282152008,0.560997412499170,0.533552554142663,0.558952653579158,0.735458662880851,0.833121872107551,1.000000000000000
18Y4M,2040-05-31,0.653275437022290,0.557505493465591,0.653275437022290,0.615045350278196,0.624845004139676,0.604646042823102,0.611576154587134,0.559550852957446,0.532044256464640,0.557505493465591,0.734408078275138,0.832414589543064,1.000000000000000
18Y5M,2040-07-02,0.652139189314833,0.556015580683033,0.652139189314833,0.613840567920075,0.623668145474743,0.603478338823523,0.610488896723682,0.558061542547186,0.530491776219087,0.556015580683033,0.733325177950503,0.831685121223425,1.000000000000000
18Y6M,2040-07-31,0.651111171978083,0.554668786814148,0.651111171978083,0.612750772519849,0.622603532005389,0.602422055071535,0.609505238977789,0.556715279233566,0.529088754285520,0.554668786814148,0.732345178827130,0.831024592741665,1.000000000000000
18Y7M,2040-08-31,0.650014048868311,0.553232717874538,0.650014048868311,0.611587958273218,0.621467506474109,0.601294968578880,0.608455495359864,0.555279761384008,0.527593075306268,0.553232717874538,0.731299041756788,0.830319090671939,1.000000000000000
18Y8M,2040-10-01,0.648918774412303,0.551800366998840,0.648918774412303,0.610427350693691,0.620333553777212,0.600169990780539,0.607407559702876,0.553847945088141,0.526101624456213,0.551800366998840,0.730254399067513,0.829614187541372,1.000000000000000
18Y9M,2040-10-31,0.647860588620943,0.550417752015035,0.647860588620943,0.609306279165016,0.619238150251530,0.599083306630420,0.606395146908602,0.552465831796624,0.524662299407816,0.550417752015035,0.729244875368651,0.828932593012392,1.000000000000000
18Y10M,2040-11-30,0.646804128403281,0.549038601371430,0.646804128403281,0.608187266524055,0.618144681022126,0.597998590060254,0.605384421580428,0.551087167533252,0.523226912109274,0.549038601371430,0.728236747263023,0.828251558467931,1.000000000000000
18Y11M,2040-12-31,0.645714262667126,0.547617109301171,0.645714262667126,0.607033112421196,0.617016791275976,0.596879779538944,0.604341775197255,0.549666162047745,0.521747803949288,0.547617109301171,0.727196478986092,0.827548410578138,1.000000000000000
19Y,2041-01-31,0.644626233356050,0.546199297554483,0.644626233356050,0.605881148551127,0.615890959519352,0.595763062228225,0.603300924551536,0.548248820695081,0.520272877074512,0.546199297554483,0.726157696706801,0.826845859628911,1.000000000000000
19Y1M,2041-02-28,0.643645073076648,0.544921848786492,0.643645073076648,0.604842544149958,0.614875844985347,0.594756210236173,0.602362342289647,0.546971782949735,0.518944269129881,0.544921848786492,0.725220717225811,0.826211810142832,1.000000000000000
19Y2M,2041-04-01,0.642525575545816,0.543465565328269,0.642525575545816,0.603657747571457,0.613717762642951,0.593607605670393,0.601291464708188,0.545515953213867,0.517430014034411,0.543465565328269,0.724151363860363,0.825487777493258,1.000000000000000
19Y3M,2041-04-30,0.641512712890437,0.542149170398409,0.641512712890437,0.602586030466080,0.612670134667669,0.592568598918057,0.600322626437790,0.544199954782127,0.516061537290153,0.542149170398409,0.723183624413920,0.824832170972876,1.000000000000000
19Y4M,2041-05-31,0.640431763195800,0.540745515455580,0.640431763195800,0.601442505802430,0.611552233982150,0.591459947503008,0.599288697924138,0.542796708314932,0.514602684900883,0.540745515455580,0.722150574398659,0.824131925987492,1.000000000000000
19Y5M,2041-07-01,0.639352634902702,0.539345494654988,0.639352634902702,0.600301151200134,0.610436373059747,0.590353370291625,0.598256550133258,0.541397080188073,0.513147956535863,0.539345494654988,0.721119000069929,0.823432275478242,1.000000000000000
19Y6M,2041-07-31,0.638310048525794,0.537994087140684,0.638310048525794,0.599198676796789,0.609358446271518,0.589284460382232,0.597259390028913,0.540046037709442,0.511744070531635,0.537994087140684,0.720122105397059,0.822755759885356,1.000000000000000
19Y7M,2041-09-02,0.637165167061357,0.536511449546060,0.637165167061357,0.597988293377003,0.608174925142819,0.588110894730960,0.596164433467417,0.538563784731798,0.510204231639977,0.536511449546060,0.719027112928902,0.822012234678187,1.000000000000000
19Y8M,2041-09-30,0.636195362978014,0.535256658678872,0.636195362978014,0.596963218946426,0.607172528214942,0.587116975061465,0.595236953764253,0.537309306371941,0.508901335745514,0.535256658678872,0.718099334218927,0.821381891756493,1.000000000000000
19Y9M,2041-10-31,0.635123373024390,0.533870848839701,0.635123373024390,0.595830364665637,0.606064658666367,0.586018523225864,0.594211784244110,0.535923827782072,0.507462724502651,0.533870848839701,0.717073546987122,0.820684575901186,1.000000000000000
19Y10M,2041-12-02,0.634018697361333,0.532444098769532,0.634018697361333,0.594663221606256,0.604923171673056,0.584886793048315,0.593155396695103,0.534497403478358,0.505981972017172,0.532444098769532,0.716016206797396,0.819965386922452,1.000000000000000
19Y11M,2041-12-31,0.633019244754603,0.531154400292259,0.633019244754603,0.593607473131068,0.603890556233001,0.583863050559970,0.592199667764392,0.533207986110081,0.504643772564224,0.531154400292259,0.715059338990207,0.819314166312274,1.000000000000000
20Y,2042-01-31,0.631952606564015,0.529779211432656,0.631952606564015,0.592480987033262,0.602788675092414,0.582770686573117,0.591179729325773,0.531833082977116,0.503217197010461,0.529779211432656,0.714037894316795,0.818618605861792,1.000000000000000
