#Date,Scenario,Numeraire,DiscountCurve/EUR/0,DiscountCurve/EUR/1,DiscountCurve/EUR/2,DiscountCurve/EUR/3,DiscountCurve/EUR/4,DiscountCurve/EUR/5,DiscountCurve/EUR/6,DiscountCurve/EUR/7,DiscountCurve/EUR/8,DiscountCurve/EUR/9,DiscountCurve/EUR/10,DiscountCurve/EUR/11,DiscountCurve/EUR/12,DiscountCurve/EUR/13,DiscountCurve/EUR/14,DiscountCurve/EUR/15,DiscountCurve/EUR/16,DiscountCurve/EUR/17,DiscountCurve/EUR/18,DiscountCurve/EUR/19,DiscountCurve/EUR/20,DiscountCurve/EUR/21,DiscountCurve/EUR/22,DiscountCurve/EUR/23,DiscountCurve/EUR/24,DiscountCurve/EUR/25,DiscountCurve/EUR/26,DiscountCurve/EUR/27,DiscountCurve/EUR/28,DiscountCurve/EUR/29,DiscountCurve/EUR/30,DiscountCurve/EUR/31,DiscountCurve/EUR/32,DiscountCurve/EUR/33,DiscountCurve/EUR/34,DiscountCurve/EUR/35,DiscountCurve/EUR/36,DiscountCurve/USD/0,DiscountCurve/USD/1,DiscountCurve/USD/2,DiscountCurve/USD/3,DiscountCurve/USD/4,DiscountCurve/USD/5,DiscountCurve/USD/6,DiscountCurve/USD/7,DiscountCurve/USD/8,DiscountCurve/USD/9,DiscountCurve/USD/10,DiscountCurve/USD/11,DiscountCurve/USD/12,DiscountCurve/USD/13,DiscountCurve/USD/14,DiscountCurve/USD/15,DiscountCurve/USD/16,DiscountCurve/USD/17,DiscountCurve/USD/18,DiscountCurve/USD/19,DiscountCurve/USD/20,DiscountCurve/USD/21,DiscountCurve/USD/22,DiscountCurve/USD/23,DiscountCurve/USD/24,DiscountCurve/USD/25,DiscountCurve/USD/26,DiscountCurve/USD/27,DiscountCurve/USD/28,DiscountCurve/USD/29,DiscountCurve/USD/30,DiscountCurve/USD/31,DiscountCurve/USD/32,DiscountCurve/USD/33,DiscountCurve/USD/34,DiscountCurve/USD/35,DiscountCurve/USD/36,IndexCurve/EUR-ESTER/0,IndexCurve/EUR-ESTER/1,IndexCurve/EUR-ESTER/2,IndexCurve/EUR-ESTER/3,IndexCurve/EUR-ESTER/4,IndexCurve/EUR-ESTER/5,IndexCurve/EUR-ESTER/6,IndexCurve/EUR-ESTER/7,IndexCurve/EUR-ESTER/8,IndexCurve/EUR-ESTER/9,IndexCurve/EUR-ESTER/10,IndexCurve/EUR-ESTER/11,IndexCurve/EUR-ESTER/12,IndexCurve/EUR-ESTER/13,IndexCurve/EUR-ESTER/14,IndexCurve/EUR-ESTER/15,IndexCurve/EUR-ESTER/16,IndexCurve/EUR-ESTER/17,IndexCurve/EUR-ESTER/18,IndexCurve/EUR-ESTER/19,IndexCurve/EUR-ESTER/20,IndexCurve/EUR-ESTER/21,IndexCurve/EUR-ESTER/22,IndexCurve/EUR-ESTER/23,IndexCurve/EUR-ESTER/24,IndexCurve/EUR-ESTER/25,IndexCurve/EUR-ESTER/26,IndexCurve/EUR-ESTER/27,IndexCurve/EUR-ESTER/28,IndexCurve/EUR-ESTER/29,IndexCurve/EUR-ESTER/30,IndexCurve/EUR-ESTER/31,IndexCurve/EUR-ESTER/32,IndexCurve/EUR-ESTER/33,IndexCurve/EUR-ESTER/34,IndexCurve/EUR-ESTER/35,IndexCurve/EUR-ESTER/36,IndexCurve/EUR-EURIBOR-3M/0,IndexCurve/EUR-EURIBOR-3M/1,IndexCurve/EUR-EURIBOR-3M/2,IndexCurve/EUR-EURIBOR-3M/3,IndexCurve/EUR-EURIBOR-3M/4,IndexCurve/EUR-EURIBOR-6M/0,IndexCurve/EUR-EURIBOR-6M/1,IndexCurve/EUR-EURIBOR-6M/2,IndexCurve/EUR-EURIBOR-6M/3,IndexCurve/EUR-EURIBOR-6M/4,IndexCurve/EUR-EURIBOR-6M/5,IndexCurve/EUR-EURIBOR-6M/6,IndexCurve/EUR-EURIBOR-6M/7,IndexCurve/EUR-EURIBOR-6M/8,IndexCurve/EUR-EURIBOR-6M/9,IndexCurve/EUR-EURIBOR-6M/10,IndexCurve/EUR-EURIBOR-6M/11,IndexCurve/EUR-EURIBOR-6M/12,IndexCurve/EUR-EURIBOR-6M/13,IndexCurve/EUR-EURIBOR-6M/14,IndexCurve/EUR-EURIBOR-6M/15,IndexCurve/EUR-EURIBOR-6M/16,IndexCurve/EUR-EURIBOR-6M/17,IndexCurve/EUR-EURIBOR-6M/18,IndexCurve/EUR-EURIBOR-6M/19,IndexCurve/EUR-EURIBOR-6M/20,IndexCurve/EUR-EURIBOR-6M/21,IndexCurve/EUR-EURIBOR-6M/22,IndexCurve/EUR-EURIBOR-6M/23,IndexCurve/EUR-EURIBOR-6M/24,IndexCurve/EUR-EURIBOR-6M/25,IndexCurve/USD-SOFR/0,IndexCurve/USD-SOFR/1,IndexCurve/USD-SOFR/2,IndexCurve/USD-SOFR/3,IndexCurve/USD-SOFR/4,IndexCurve/USD-SOFR/5,IndexCurve/USD-SOFR/6,IndexCurve/USD-SOFR/7,IndexCurve/USD-SOFR/8,IndexCurve/USD-SOFR/9,IndexCurve/USD-SOFR/10,IndexCurve/USD-SOFR/11,IndexCurve/USD-SOFR/12,IndexCurve/USD-SOFR/13,IndexCurve/USD-SOFR/14,IndexCurve/USD-SOFR/15,IndexCurve/USD-SOFR/16,IndexCurve/USD-SOFR/17,IndexCurve/USD-SOFR/18,IndexCurve/USD-SOFR/19,IndexCurve/USD-SOFR/20,IndexCurve/USD-SOFR/21,IndexCurve/USD-SOFR/22,IndexCurve/USD-SOFR/23,IndexCurve/USD-SOFR/24,OptionletVolatility/EUR-EURIBOR-6M/0,OptionletVolatility/EUR-EURIBOR-6M/1,OptionletVolatility/EUR-EURIBOR-6M/2,OptionletVolatility/EUR-EURIBOR-6M/3,OptionletVolatility/EUR-EURIBOR-6M/4,OptionletVolatility/EUR-EURIBOR-6M/5,OptionletVolatility/EUR-EURIBOR-6M/6,OptionletVolatility/EUR-EURIBOR-6M/7,OptionletVolatility/EUR-EURIBOR-6M/8,OptionletVolatility/EUR-EURIBOR-6M/9,OptionletVolatility/EUR-EURIBOR-6M/10,OptionletVolatility/EUR-EURIBOR-6M/11,OptionletVolatility/EUR-EURIBOR-6M/12,OptionletVolatility/EUR-EURIBOR-6M/13,OptionletVolatility/EUR-EURIBOR-6M/14,OptionletVolatility/EUR-EURIBOR-6M/15,OptionletVolatility/EUR-EURIBOR-6M/16,OptionletVolatility/EUR-EURIBOR-6M/17,OptionletVolatility/EUR-EURIBOR-6M/18,OptionletVolatility/EUR-EURIBOR-6M/19,OptionletVolatility/EUR-EURIBOR-6M/20,OptionletVolatility/EUR-EURIBOR-6M/21,OptionletVolatility/EUR-EURIBOR-6M/22,OptionletVolatility/EUR-EURIBOR-6M/23,OptionletVolatility/EUR-EURIBOR-6M/24,OptionletVolatility/EUR-EURIBOR-6M/25,OptionletVolatility/EUR-EURIBOR-6M/26,OptionletVolatility/EUR-EURIBOR-6M/27,OptionletVolatility/EUR-EURIBOR-6M/28,OptionletVolatility/EUR-EURIBOR-6M/29,OptionletVolatility/EUR-EURIBOR-6M/30,OptionletVolatility/EUR-EURIBOR-6M/31,OptionletVolatility/EUR-EURIBOR-6M/32,OptionletVolatility/EUR-EURIBOR-6M/33,OptionletVolatility/EUR-EURIBOR-6M/34,OptionletVolatility/EUR-EURIBOR-6M/35,OptionletVolatility/EUR-EURIBOR-6M/36,OptionletVolatility/EUR-EURIBOR-6M/37,OptionletVolatility/EUR-EURIBOR-6M/38,OptionletVolatility/EUR-EURIBOR-6M/39,OptionletVolatility/EUR-EURIBOR-6M/40,OptionletVolatility/EUR-EURIBOR-6M/41,OptionletVolatility/EUR-EURIBOR-6M/42,OptionletVolatility/EUR-EURIBOR-6M/43,OptionletVolatility/EUR-EURIBOR-6M/44,OptionletVolatility/EUR-EURIBOR-6M/45,OptionletVolatility/EUR-EURIBOR-6M/46,OptionletVolatility/EUR-EURIBOR-6M/47,OptionletVolatility/EUR-EURIBOR-6M/48,OptionletVolatility/EUR-EURIBOR-6M/49,OptionletVolatility/EUR-EURIBOR-6M/50,OptionletVolatility/EUR-EURIBOR-6M/51,OptionletVolatility/EUR-EURIBOR-6M/52,OptionletVolatility/EUR-EURIBOR-6M/53,OptionletVolatility/EUR-EURIBOR-6M/54,OptionletVolatility/EUR-EURIBOR-6M/55,OptionletVolatility/EUR-EURIBOR-6M/56,OptionletVolatility/EUR-EURIBOR-6M/57,OptionletVolatility/EUR-EURIBOR-6M/58,OptionletVolatility/EUR-EURIBOR-6M/59,OptionletVolatility/EUR-EURIBOR-6M/60,OptionletVolatility/EUR-EURIBOR-6M/61,OptionletVolatility/EUR-EURIBOR-6M/62,OptionletVolatility/EUR-EURIBOR-6M/63,OptionletVolatility/EUR-EURIBOR-6M/64,OptionletVolatility/EUR-EURIBOR-6M/65,OptionletVolatility/EUR-EURIBOR-6M/66,OptionletVolatility/EUR-EURIBOR-6M/67,OptionletVolatility/EUR-EURIBOR-6M/68,OptionletVolatility/EUR-EURIBOR-6M/69,OptionletVolatility/EUR-EURIBOR-6M/70,OptionletVolatility/EUR-EURIBOR-6M/71,OptionletVolatility/EUR-EURIBOR-6M/72,OptionletVolatility/EUR-EURIBOR-6M/73,OptionletVolatility/EUR-EURIBOR-6M/74,OptionletVolatility/EUR-EURIBOR-6M/75,OptionletVolatility/EUR-EURIBOR-6M/76,OptionletVolatility/EUR-EURIBOR-6M/77,OptionletVolatility/EUR-EURIBOR-6M/78,OptionletVolatility/EUR-EURIBOR-6M/79,OptionletVolatility/EUR-EURIBOR-6M/80,OptionletVolatility/EUR-EURIBOR-6M/81,OptionletVolatility/EUR-EURIBOR-6M/82,OptionletVolatility/EUR-EURIBOR-6M/83,OptionletVolatility/EUR-EURIBOR-6M/84,OptionletVolatility/EUR-EURIBOR-6M/85,OptionletVolatility/EUR-EURIBOR-6M/86,OptionletVolatility/EUR-EURIBOR-6M/87,OptionletVolatility/EUR-EURIBOR-6M/88,OptionletVolatility/EUR-EURIBOR-6M/89,FXSpot/USDEUR/0,SurvivalProbability/Underlying1/0,SurvivalProbability/Underlying1/1,SurvivalProbability/Underlying1/2,SurvivalProbability/Underlying1/3,SurvivalProbability/Underlying1/4
2024-03-05,BASE,1.00000000,1.00000000,1.00000000,1.00000000,1.00000000,1.00000000,1.00000000,1.00000000,1.00000000,1.00000000,1.00000000,1.00000000,1.00000000,1.00000000,1.00000000,1.00000000,1.00000000,1.00000000,1.00000000,1.00000000,1.00000000,1.00000000,1.00000000,1.00000000,1.00000000,1.00000000,1.00000000,1.00000000,1.00000000,1.00000000,1.00000000,1.00000000,1.00000000,1.00000000,1.00000000,1.00000000,1.00000000,1.00000000,1.00000000,1.00000000,1.00000000,1.00000000,1.00000000,1.00000000,1.00000000,1.00000000,1.00000000,1.00000000,1.00000000,1.00000000,1.00000000,1.00000000,1.00000000,1.00000000,1.00000000,1.00000000,1.00000000,1.00000000,1.00000000,1.00000000,1.00000000,1.00000000,1.00000000,1.00000000,1.00000000,1.00000000,1.00000000,1.00000000,1.00000000,1.00000000,1.00000000,1.00000000,1.00000000,1.00000000,1.00000000,1.00000000,1.00000000,1.00000000,1.00000000,1.00000000,1.00000000,1.00000000,1.00000000,1.00000000,1.00000000,1.00000000,1.00000000,1.00000000,1.00000000,1.00000000,1.00000000,1.00000000,1.00000000,1.00000000,1.00000000,1.00000000,1.00000000,1.00000000,1.00000000,1.00000000,1.00000000,1.00000000,1.00000000,1.00000000,1.00000000,1.00000000,1.00000000,1.00000000,1.00000000,1.00000000,1.00000000,1.00000000,1.00000000,1.00000000,1.00000000,1.00000000,1.00000000,1.00000000,1.00000000,1.00000000,1.00000000,1.00000000,1.00000000,1.00000000,1.00000000,1.00000000,1.00000000,1.00000000,1.00000000,1.00000000,1.00000000,1.00000000,1.00000000,1.00000000,1.00000000,1.00000000,1.00000000,1.00000000,1.00000000,1.00000000,1.00000000,1.00000000,1.00000000,1.00000000,1.00000000,1.00000000,1.00000000,1.00000000,1.00000000,1.00000000,1.00000000,1.00000000,1.00000000,1.00000000,1.00000000,1.00000000,1.00000000,1.00000000,1.00000000,1.00000000,1.00000000,1.00000000,1.00000000,1.00000000,1.00000000,1.00000000,1.00000000,1.00000000,0.00000000,0.00000000,0.00000000,0.00000000,0.00000000,0.00000000,0.00000000,0.00000000,0.00000000,0.00000000,0.00000000,0.00000000,0.00000000,0.00000000,0.00000000,0.00000000,0.00000000,0.00000000,0.00000000,0.00000000,0.00000000,0.00000000,0.00000000,0.00000000,0.00000000,0.00000000,0.00000000,0.00000000,0.00000000,0.00000000,0.00000000,0.00000000,0.00000000,0.00000000,0.00000000,0.00000000,0.00000000,0.00000000,0.00000000,0.00000000,0.00000000,0.00000000,0.00000000,0.00000000,0.00000000,0.00000000,0.00000000,0.00000000,0.00000000,0.00000000,0.00000000,0.00000000,0.00000000,0.00000000,0.00000000,0.00000000,0.00000000,0.00000000,0.00000000,0.00000000,0.00000000,0.00000000,0.00000000,0.00000000,0.00000000,0.00000000,0.00000000,0.00000000,0.00000000,0.00000000,0.00000000,0.00000000,0.00000000,0.00000000,0.00000000,0.00000000,0.00000000,0.00000000,0.00000000,0.00000000,0.00000000,0.00000000,0.00000000,0.00000000,0.00000000,0.00000000,0.00000000,0.00000000,0.00000000,0.00000000,1.00000000,1.00000000,1.00000000,1.00000000,1.00000000,1.00000000
2024-03-05,eur_capfloor_par,1.00000000,1.00000000,1.00000000,1.00000000,1.00000000,1.00000000,1.00000000,1.00000000,1.00000000,1.00000000,1.00000000,1.00000000,1.00000000,1.00000000,1.00000000,1.00000000,1.00000000,1.00000000,1.00000000,1.00000000,1.00000000,1.00000000,1.00000000,1.00000000,1.00000000,1.00000000,1.00000000,1.00000000,1.00000000,1.00000000,1.00000000,1.00000000,1.00000000,1.00000000,1.00000000,1.00000000,1.00000000,1.00000000,1.00000000,1.00000000,1.00000000,1.00000000,1.00000000,1.00000000,1.00000000,1.00000000,1.00000000,1.00000000,1.00000000,1.00000000,1.00000000,1.00000000,1.00000000,1.00000000,1.00000000,1.00000000,1.00000000,1.00000000,1.00000000,1.00000000,1.00000000,1.00000000,1.00000000,1.00000000,1.00000000,1.00000000,1.00000000,1.00000000,1.00000000,1.00000000,1.00000000,1.00000000,1.00000000,1.00000000,1.00000000,1.00000000,1.00000000,1.00000000,1.00000000,1.00000000,1.00000000,1.00000000,1.00000000,1.00000000,1.00000000,1.00000000,1.00000000,1.00000000,1.00000000,1.00000000,1.00000000,1.00000000,1.00000000,1.00000000,1.00000000,1.00000000,1.00000000,1.00000000,1.00000000,1.00000000,1.00000000,1.00000000,1.00000000,1.00000000,1.00000000,1.00000000,1.00000000,1.00000000,1.00000000,1.00000000,1.00000000,1.00000000,1.00000000,1.00000000,1.00000000,1.00000000,1.00000000,1.00000000,1.00000000,1.00000000,1.00000000,1.00000000,1.00000000,1.00000000,1.00000000,1.00000000,1.00000000,1.00000000,1.00000000,1.00000000,1.00000000,1.00000000,1.00000000,1.00000000,1.00000000,1.00000000,1.00000000,1.00000000,1.00000000,1.00000000,1.00000000,1.00000000,1.00000000,1.00000000,1.00000000,1.00000000,1.00000000,1.00000000,1.00000000,1.00000000,1.00000000,1.00000000,1.00000000,1.00000000,1.00000000,1.00000000,1.00000000,1.00000000,1.00000000,1.00000000,1.00000000,1.00000000,1.00000000,1.00000000,1.00000000,1.00000000,1.00000000,1.00000000,0.01000000,0.01000000,0.01000000,0.01000000,0.01000000,0.01000000,0.01000000,0.01000000,0.01000000,0.01000000,0.00935530,0.00920458,0.00952768,0.01000000,0.00991952,0.00964152,0.01023313,0.01040281,0.01018070,0.01000000,0.00000000,0.01036833,0.01023283,0.01000000,0.01002505,0.01050567,0.01044860,0.00986235,0.00993824,0.00946459,0.01887130,0.00963524,0.00982020,0.00991183,0.00999195,0.00983691,0.00985487,0.01004609,0.00952052,0.01017670,0.00714602,0.00973684,0.01009164,0.01004282,0.01000266,0.01005409,0.00957098,0.00998446,0.01017725,0.00940768,0.01091036,0.01015523,0.00996785,0.00998536,0.00999911,0.00998197,0.01017064,0.01000523,0.00993912,0.01022436,0.01022636,0.00994516,0.01001170,0.01000528,0.01000030,0.01000613,0.00994140,0.00963689,0.01002121,0.00992134,0.01029276,0.01001984,0.00999594,0.00999818,0.00999990,0.00999795,0.01002032,0.01020697,0.00981456,0.01002708,0.00990848,0.00000000,0.00000000,0.00000000,0.01000004,0.01000068,0.00999310,0.00993270,0.01020388,0.00963176,1.00000000,1.00000000,1.00000000,1.00000000,1.00000000,1.00000000
2024-03-05,eur_capfloor_zero,1.00000000,1.00000000,1.00000000,1.00000000,1.00000000,1.00000000,1.00000000,1.00000000,1.00000000,1.00000000,1.00000000,1.00000000,1.00000000,1.00000000,1.00000000,1.00000000,1.00000000,1.00000000,1.00000000,1.00000000,1.00000000,1.00000000,1.00000000,1.00000000,1.00000000,1.00000000,1.00000000,1.00000000,1.00000000,1.00000000,1.00000000,1.00000000,1.00000000,1.00000000,1.00000000,1.00000000,1.00000000,1.00000000,1.00000000,1.00000000,1.00000000,1.00000000,1.00000000,1.00000000,1.00000000,1.00000000,1.00000000,1.00000000,1.00000000,1.00000000,1.00000000,1.00000000,1.00000000,1.00000000,1.00000000,1.00000000,1.00000000,1.00000000,1.00000000,1.00000000,1.00000000,1.00000000,1.00000000,1.00000000,1.00000000,1.00000000,1.00000000,1.00000000,1.00000000,1.00000000,1.00000000,1.00000000,1.00000000,1.00000000,1.00000000,1.00000000,1.00000000,1.00000000,1.00000000,1.00000000,1.00000000,1.00000000,1.00000000,1.00000000,1.00000000,1.00000000,1.00000000,1.00000000,1.00000000,1.00000000,1.00000000,1.00000000,1.00000000,1.00000000,1.00000000,1.00000000,1.00000000,1.00000000,1.00000000,1.00000000,1.00000000,1.00000000,1.00000000,1.00000000,1.00000000,1.00000000,1.00000000,1.00000000,1.00000000,1.00000000,1.00000000,1.00000000,1.00000000,1.00000000,1.00000000,1.00000000,1.00000000,1.00000000,1.00000000,1.00000000,1.00000000,1.00000000,1.00000000,1.00000000,1.00000000,1.00000000,1.00000000,1.00000000,1.00000000,1.00000000,1.00000000,1.00000000,1.00000000,1.00000000,1.00000000,1.00000000,1.00000000,1.00000000,1.00000000,1.00000000,1.00000000,1.00000000,1.00000000,1.00000000,1.00000000,1.00000000,1.00000000,1.00000000,1.00000000,1.00000000,1.00000000,1.00000000,1.00000000,1.00000000,1.00000000,1.00000000,1.00000000,1.00000000,1.00000000,1.00000000,1.00000000,1.00000000,1.00000000,1.00000000,1.00000000,1.00000000,1.00000000,1.00000000,0.01000000,0.01000000,0.01000000,0.01000000,0.01000000,0.01000000,0.01000000,0.01000000,0.01000000,0.01000000,0.01000000,0.01000000,0.01000000,0.01000000,0.01000000,0.01000000,0.01000000,0.01000000,0.01000000,0.01000000,0.01000000,0.01000000,0.01000000,0.01000000,0.01000000,0.01000000,0.01000000,0.01000000,0.01000000,0.01000000,0.01000000,0.01000000,0.01000000,0.01000000,0.01000000,0.01000000,0.01000000,0.01000000,0.01000000,0.01000000,0.01000000,0.01000000,0.01000000,0.01000000,0.01000000,0.01000000,0.01000000,0.01000000,0.01000000,0.01000000,0.01000000,0.01000000,0.01000000,0.01000000,0.01000000,0.01000000,0.01000000,0.01000000,0.01000000,0.01000000,0.01000000,0.01000000,0.01000000,0.01000000,0.01000000,0.01000000,0.01000000,0.01000000,0.01000000,0.01000000,0.01000000,0.01000000,0.01000000,0.01000000,0.01000000,0.01000000,0.01000000,0.01000000,0.01000000,0.01000000,0.01000000,0.01000000,0.01000000,0.01000000,0.01000000,0.01000000,0.01000000,0.01000000,0.01000000,0.01000000,1.00000000,1.00000000,1.00000000,1.00000000,1.00000000,1.00000000
2024-03-05,xccy_basis_per,1.00000000,1.00000000,1.00000000,1.00000000,1.00000000,1.00000000,1.00000000,1.00000000,1.00000000,1.00000000,1.00000000,1.00000000,1.00000000,1.00000000,1.00000000,1.00000000,1.00000000,1.00000000,1.00000000,1.00000000,1.00000000,1.00000000,1.00000000,1.00000000,1.00000000,1.00000000,1.00000000,1.00000000,1.00000000,1.00000000,1.00000000,1.00000000,1.00000000,1.00000000,1.00000000,1.00000000,1.00000000,1.00000000,0.97272984,0.97273088,0.97273122,0.97273192,0.97273435,0.97273680,0.97274108,0.97275175,0.97276303,0.97277485,0.97278631,0.97279869,0.97281003,0.97282227,0.97283488,0.97284960,0.97286175,0.97287277,0.97290978,0.97294370,0.97297742,1.00255913,1.01283569,1.02324025,1.03376217,1.04438820,1.05511064,1.06600837,1.07692249,1.08796904,1.11047064,1.14496738,1.20517027,1.26871863,1.33579488,1.48083136,1.64202614,1.00000000,1.00000000,1.00000000,1.00000000,1.00000000,1.00000000,1.00000000,1.00000000,1.00000000,1.00000000,1.00000000,1.00000000,1.00000000,1.00000000,1.00000000,1.00000000,1.00000000,1.00000000,1.00000000,1.00000000,1.00000000,1.00000000,1.00000000,1.00000000,1.00000000,1.00000000,1.00000000,1.00000000,1.00000000,1.00000000,1.00000000,1.00000000,1.00000000,1.00000000,1.00000000,1.00000000,1.00000000,1.00000000,1.00000000,1.00000000,1.00000000,1.00000000,1.00000000,1.00000000,1.00000000,1.00000000,1.00000000,1.00000000,1.00000000,1.00000000,1.00000000,1.00000000,1.00000000,1.00000000,1.00000000,1.00000000,1.00000000,1.00000000,1.00000000,1.00000000,1.00000000,1.00000000,1.00000000,1.00000000,1.00000000,1.00000000,1.00000000,1.00000000,1.00000000,1.00000000,1.00000000,1.00000000,1.00000000,1.00000000,1.00000000,1.00000000,1.00000000,1.00000000,1.00000000,1.00000000,1.00000000,1.00000000,1.00000000,1.00000000,1.00000000,1.00000000,1.00000000,1.00000000,1.00000000,1.00000000,1.00000000,1.00000000,1.00000000,0.00000000,0.00000000,0.00000000,0.00000000,0.00000000,0.00000000,0.00000000,0.00000000,0.00000000,0.00000000,0.00000000,0.00000000,0.00000000,0.00000000,0.00000000,0.00000000,0.00000000,0.00000000,0.00000000,0.00000000,0.00000000,0.00000000,0.00000000,0.00000000,0.00000000,0.00000000,0.00000000,0.00000000,0.00000000,0.00000000,0.00000000,0.00000000,0.00000000,0.00000000,0.00000000,0.00000000,0.00000000,0.00000000,0.00000000,0.00000000,0.00000000,0.00000000,0.00000000,0.00000000,0.00000000,0.00000000,0.00000000,0.00000000,0.00000000,0.00000000,0.00000000,0.00000000,0.00000000,0.00000000,0.00000000,0.00000000,0.00000000,0.00000000,0.00000000,0.00000000,0.00000000,0.00000000,0.00000000,0.00000000,0.00000000,0.00000000,0.00000000,0.00000000,0.00000000,0.00000000,0.00000000,0.00000000,0.00000000,0.00000000,0.00000000,0.00000000,0.00000000,0.00000000,0.00000000,0.00000000,0.00000000,0.00000000,0.00000000,0.00000000,0.00000000,0.00000000,0.00000000,0.00000000,0.00000000,0.00000000,1.00000000,0.99999944,0.99995781,1.00024771,1.00083478,1.00218033
2024-03-05,cds_spread_par,1.00000000,1.00000000,1.00000000,1.00000000,1.00000000,1.00000000,1.00000000,1.00000000,1.00000000,1.00000000,1.00000000,1.00000000,1.00000000,1.00000000,1.00000000,1.00000000,1.00000000,1.00000000,1.00000000,1.00000000,1.00000000,1.00000000,1.00000000,1.00000000,1.00000000,1.00000000,1.00000000,1.00000000,1.00000000,1.00000000,1.00000000,1.00000000,1.00000000,1.00000000,1.00000000,1.00000000,1.00000000,1.00000000,1.00000000,1.00000000,1.00000000,1.00000000,1.00000000,1.00000000,1.00000000,1.00000000,1.00000000,1.00000000,1.00000000,1.00000000,1.00000000,1.00000000,1.00000000,1.00000000,1.00000000,1.00000000,1.00000000,1.00000000,1.00000000,1.00000000,1.00000000,1.00000000,1.00000000,1.00000000,1.00000000,1.00000000,1.00000000,1.00000000,1.00000000,1.00000000,1.00000000,1.00000000,1.00000000,1.00000000,1.00000000,1.00000000,1.00000000,1.00000000,1.00000000,1.00000000,1.00000000,1.00000000,1.00000000,1.00000000,1.00000000,1.00000000,1.00000000,1.00000000,1.00000000,1.00000000,1.00000000,1.00000000,1.00000000,1.00000000,1.00000000,1.00000000,1.00000000,1.00000000,1.00000000,1.00000000,1.00000000,1.00000000,1.00000000,1.00000000,1.00000000,1.00000000,1.00000000,1.00000000,1.00000000,1.00000000,1.00000000,1.00000000,1.00000000,1.00000000,1.00000000,1.00000000,1.00000000,1.00000000,1.00000000,1.00000000,1.00000000,1.00000000,1.00000000,1.00000000,1.00000000,1.00000000,1.00000000,1.00000000,1.00000000,1.00000000,1.00000000,1.00000000,1.00000000,1.00000000,1.00000000,1.00000000,1.00000000,1.00000000,1.00000000,1.00000000,1.00000000,1.00000000,1.00000000,1.00000000,1.00000000,1.00000000,1.00000000,1.00000000,1.00000000,1.00000000,1.00000000,1.00000000,1.00000000,1.00000000,1.00000000,1.00000000,1.00000000,1.00000000,1.00000000,1.00000000,1.00000000,1.00000000,1.00000000,1.00000000,1.00000000,1.00000000,1.00000000,1.00000000,0.00000000,0.00000000,0.00000000,0.00000000,0.00000000,0.00000000,0.00000000,0.00000000,0.00000000,0.00000000,0.00000000,0.00000000,0.00000000,0.00000000,0.00000000,0.00000000,0.00000000,0.00000000,0.00000000,0.00000000,0.00000000,0.00000000,0.00000000,0.00000000,0.00000000,0.00000000,0.00000000,0.00000000,0.00000000,0.00000000,0.00000000,0.00000000,0.00000000,0.00000000,0.00000000,0.00000000,0.00000000,0.00000000,0.00000000,0.00000000,0.00000000,0.00000000,0.00000000,0.00000000,0.00000000,0.00000000,0.00000000,0.00000000,0.00000000,0.00000000,0.00000000,0.00000000,0.00000000,0.00000000,0.00000000,0.00000000,0.00000000,0.00000000,0.00000000,0.00000000,0.00000000,0.00000000,0.00000000,0.00000000,0.00000000,0.00000000,0.00000000,0.00000000,0.00000000,0.00000000,0.00000000,0.00000000,0.00000000,0.00000000,0.00000000,0.00000000,0.00000000,0.00000000,0.00000000,0.00000000,0.00000000,0.00000000,0.00000000,0.00000000,0.00000000,0.00000000,0.00000000,0.00000000,0.00000000,0.00000000,1.00000000,0.98675594,0.97022820,0.95373224,0.92141375,0.84485579
2024-03-05,cds_spread_zero,1.00000000,1.00000000,1.00000000,1.00000000,1.00000000,1.00000000,1.00000000,1.00000000,1.00000000,1.00000000,1.00000000,1.00000000,1.00000000,1.00000000,1.00000000,1.00000000,1.00000000,1.00000000,1.00000000,1.00000000,1.00000000,1.00000000,1.00000000,1.00000000,1.00000000,1.00000000,1.00000000,1.00000000,1.00000000,1.00000000,1.00000000,1.00000000,1.00000000,1.00000000,1.00000000,1.00000000,1.00000000,1.00000000,1.00000000,1.00000000,1.00000000,1.00000000,1.00000000,1.00000000,1.00000000,1.00000000,1.00000000,1.00000000,1.00000000,1.00000000,1.00000000,1.00000000,1.00000000,1.00000000,1.00000000,1.00000000,1.00000000,1.00000000,1.00000000,1.00000000,1.00000000,1.00000000,1.00000000,1.00000000,1.00000000,1.00000000,1.00000000,1.00000000,1.00000000,1.00000000,1.00000000,1.00000000,1.00000000,1.00000000,1.00000000,1.00000000,1.00000000,1.00000000,1.00000000,1.00000000,1.00000000,1.00000000,1.00000000,1.00000000,1.00000000,1.00000000,1.00000000,1.00000000,1.00000000,1.00000000,1.00000000,1.00000000,1.00000000,1.00000000,1.00000000,1.00000000,1.00000000,1.00000000,1.00000000,1.00000000,1.00000000,1.00000000,1.00000000,1.00000000,1.00000000,1.00000000,1.00000000,1.00000000,1.00000000,1.00000000,1.00000000,1.00000000,1.00000000,1.00000000,1.00000000,1.00000000,1.00000000,1.00000000,1.00000000,1.00000000,1.00000000,1.00000000,1.00000000,1.00000000,1.00000000,1.00000000,1.00000000,1.00000000,1.00000000,1.00000000,1.00000000,1.00000000,1.00000000,1.00000000,1.00000000,1.00000000,1.00000000,1.00000000,1.00000000,1.00000000,1.00000000,1.00000000,1.00000000,1.00000000,1.00000000,1.00000000,1.00000000,1.00000000,1.00000000,1.00000000,1.00000000,1.00000000,1.00000000,1.00000000,1.00000000,1.00000000,1.00000000,1.00000000,1.00000000,1.00000000,1.00000000,1.00000000,1.00000000,1.00000000,1.00000000,1.00000000,1.00000000,1.00000000,0.00000000,0.00000000,0.00000000,0.00000000,0.00000000,0.00000000,0.00000000,0.00000000,0.00000000,0.00000000,0.00000000,0.00000000,0.00000000,0.00000000,0.00000000,0.00000000,0.00000000,0.00000000,0.00000000,0.00000000,0.00000000,0.00000000,0.00000000,0.00000000,0.00000000,0.00000000,0.00000000,0.00000000,0.00000000,0.00000000,0.00000000,0.00000000,0.00000000,0.00000000,0.00000000,0.00000000,0.00000000,0.00000000,0.00000000,0.00000000,0.00000000,0.00000000,0.00000000,0.00000000,0.00000000,0.00000000,0.00000000,0.00000000,0.00000000,0.00000000,0.00000000,0.00000000,0.00000000,0.00000000,0.00000000,0.00000000,0.00000000,0.00000000,0.00000000,0.00000000,0.00000000,0.00000000,0.00000000,0.00000000,0.00000000,0.00000000,0.00000000,0.00000000,0.00000000,0.00000000,0.00000000,0.00000000,0.00000000,0.00000000,0.00000000,0.00000000,0.00000000,0.00000000,0.00000000,0.00000000,0.00000000,0.00000000,0.00000000,0.00000000,0.00000000,0.00000000,0.00000000,0.00000000,0.00000000,0.00000000,1.00000000,0.99208627,0.98216103,0.97241501,0.95315990,0.90664890
2024-03-05,eur_ester_par,1.00000000,0.99997223,0.99975022,0.99955634,0.99936283,0.99905949,0.99826407,0.99742066,0.99658425,0.99577960,0.99490310,0.99416523,0.99335003,0.99251290,0.99176470,0.99096189,0.99024840,0.98767893,0.98525318,0.98287682,0.98054847,0.97102091,0.96155234,0.95219754,0.94287375,0.93364146,0.92445123,0.91542328,0.90645973,0.89758399,0.88877190,0.86207236,0.82219146,0.78267760,0.74931373,0.69198802,0.63769072,0.55847648,0.99991674,0.99983349,0.99980574,0.99975025,0.99955637,0.99936286,0.99905951,0.99826409,0.99742068,0.99658427,0.99577962,0.99490312,0.99416525,0.99335006,0.99251292,0.99176472,0.99096191,0.99024842,0.98767895,0.98525320,0.98287684,1.00044121,1.00043777,1.00043516,1.00042920,1.00043292,1.00041505,1.00038992,1.00039341,1.00034675,1.00035570,1.00025567,1.00048561,1.00202627,1.00390044,1.00901664,1.01815766,0.99997223,0.99975022,0.99955634,0.99936283,0.99905949,0.99826407,0.99742066,0.99658425,0.99577960,0.99490310,0.99416523,0.99335003,0.99251290,0.99176470,0.99096189,0.99024840,0.98767893,0.98525318,0.98287682,0.98054847,0.97102091,0.96155234,0.95219754,0.94287375,0.93364146,0.92445123,0.91542328,0.90645973,0.89758399,0.88877190,0.86207236,0.82219146,0.78267760,0.74931373,0.69198802,0.63769072,0.55847648,1.00000000,1.00000000,1.00000000,1.00000000,1.00000000,1.00000000,1.00000000,1.00000000,1.00000000,1.00000000,1.00000000,1.00000000,1.00000000,1.00000000,1.00022983,1.00030518,1.00038289,1.00046419,1.00054999,1.00064085,1.00073855,1.00085034,1.00097330,1.00123611,1.00171787,1.00266993,1.00347192,1.06862061,1.07113238,1.07436496,1.07615257,1.00000000,1.00000000,1.00000000,1.00000000,1.00000000,1.00000000,1.00000000,1.00000000,1.00000000,1.00000000,1.00000000,1.00000000,1.00000000,1.00000000,1.00000000,1.00000000,1.00000000,1.00000000,1.00000000,1.00000000,1.00000000,1.00000000,1.00000000,1.00000000,1.00000000,0.00000000,0.00000000,0.00000000,0.00000000,0.00000000,0.00000000,0.00000000,0.00000000,0.00000000,0.00000000,0.00001235,0.00001402,0.00000502,0.00000000,0.00001973,0.00006592,0.00004686,0.00003213,0.00001332,0.00000000,0.00000000,-0.00005315,-0.00003109,0.00000000,-0.00000702,-0.00002014,-0.00001509,-0.00000949,-0.00000359,0.00000301,-0.00051702,-0.00003661,-0.00003765,-0.00003139,0.00000254,0.00000600,0.00000439,0.00000297,-0.00000675,-0.00000026,0.00011252,-0.00006518,0.00001328,0.00001291,-0.00000093,-0.00000183,-0.00003835,-0.00000100,0.00000301,-0.00001681,-0.00003724,0.00001998,-0.00000501,-0.00000517,0.00000034,0.00000056,0.00001431,0.00000034,-0.00000133,0.00000606,-0.00028253,-0.00000748,0.00000187,0.00000204,-0.00000012,-0.00000017,-0.00000577,-0.00011599,0.00000055,-0.00000245,0.00005569,0.00000265,-0.00000069,-0.00000078,0.00000004,0.00000005,0.00000220,0.00003749,-0.00018331,0.00000093,-0.00002115,0.00000000,0.00000000,0.00000000,-0.00000002,-0.00000002,-0.00000083,-0.00001427,0.00005349,-0.00019484,1.00000000,1.00003792,1.00005766,1.00011395,1.00024850,1.00038181
2024-03-05,eur6m_par,1.00000000,1.00000000,1.00000000,1.00000000,1.00000000,1.00000000,1.00000000,1.00000000,1.00000000,1.00000000,1.00000000,1.00000000,1.00000000,1.00000000,1.00000000,1.00000000,1.00000000,1.00000000,1.00000000,1.00000000,1.00000000,1.00000000,1.00000000,1.00000000,1.00000000,1.00000000,1.00000000,1.00000000,1.00000000,1.00000000,1.00000000,1.00000000,1.00000000,1.00000000,1.00000000,1.00000000,1.00000000,1.00000000,1.00000000,1.00000000,1.00000000,1.00000000,1.00000000,1.00000000,1.00000000,1.00000000,1.00000000,1.00000000,1.00000000,1.00000000,1.00000000,1.00000000,1.00000000,1.00000000,1.00000000,1.00000000,1.00000000,1.00000000,1.00000000,1.00000000,1.00000000,1.00000000,1.00000000,1.00000000,1.00000000,1.00000000,1.00000000,1.00000000,1.00000000,1.00000000,1.00000000,1.00000000,1.00000000,1.00000000,1.00000000,1.00000000,1.00000000,1.00000000,1.00000000,1.00000000,1.00000000,1.00000000,1.00000000,1.00000000,1.00000000,1.00000000,1.00000000,1.00000000,1.00000000,1.00000000,1.00000000,1.00000000,1.00000000,1.00000000,1.00000000,1.00000000,1.00000000,1.00000000,1.00000000,1.00000000,1.00000000,1.00000000,1.00000000,1.00000000,1.00000000,1.00000000,1.00000000,1.00000000,1.00000000,1.00000000,1.00000000,1.00000000,1.00000000,1.00000000,1.00000000,1.00000000,1.00000000,0.99490686,0.99412176,0.99330768,0.99244276,0.99163144,0.99082129,0.98998407,0.98752487,0.98507468,0.97540642,0.96594448,0.95657836,0.94727216,0.93806527,0.92894711,0.91989255,0.91097274,0.90211455,0.88465440,0.85912768,0.81810752,0.77906806,0.74030371,0.67087186,0.60793879,0.55114915,1.00000000,1.00000000,1.00000000,1.00000000,1.00000000,1.00000000,1.00000000,1.00000000,1.00000000,1.00000000,1.00000000,1.00000000,1.00000000,1.00000000,1.00000000,1.00000000,1.00000000,1.00000000,1.00000000,1.00000000,1.00000000,1.00000000,1.00000000,1.00000000,1.00000000,0.00000000,0.00000000,0.00000000,0.00000000,0.00000000,0.00000000,0.00000000,0.00000000,0.00000000,0.00000000,-0.00032845,-0.00040221,-0.00008276,0.00000000,-0.00043549,-0.00061686,0.00007072,0.00000961,-0.00004298,0.00000000,0.00000000,0.00102132,0.00087029,0.00000000,0.00013911,0.00075485,0.00068534,-0.00001782,0.00000528,-0.00050478,0.00239004,0.00049582,0.00063485,0.00064037,-0.00004527,-0.00024405,-0.00022160,0.00000803,-0.00044915,0.00014146,-0.00062115,0.00066082,-0.00021556,-0.00023611,0.00001507,0.00008111,-0.00062551,-0.00000303,0.00015242,-0.00031766,0.00019249,-0.00021592,0.00007342,0.00008047,-0.00000504,-0.00002706,0.00023150,0.00000109,-0.00005176,0.00010787,0.00015712,0.00007533,-0.00002517,-0.00002800,0.00000171,0.00000920,-0.00007974,-0.00056371,0.00001773,-0.00003759,-0.00021307,-0.00002528,0.00000849,0.00000951,-0.00000057,-0.00000308,0.00002735,0.00023527,-0.00043970,0.00001268,0.00007409,0.00000000,0.00000000,0.00000000,0.00000019,0.00000103,-0.00000924,-0.00007860,0.00020590,-0.00036817,1.00000000,1.00000000,1.00000000,1.00000000,1.00000000,1.00000000
2024-03-05,eur6m_zero,1.00000000,1.00000000,1.00000000,1.00000000,1.00000000,1.00000000,1.00000000,1.00000000,1.00000000,1.00000000,1.00000000,1.00000000,1.00000000,1.00000000,1.00000000,1.00000000,1.00000000,1.00000000,1.00000000,1.00000000,1.00000000,1.00000000,1.00000000,1.00000000,1.00000000,1.00000000,1.00000000,1.00000000,1.00000000,1.00000000,1.00000000,1.00000000,1.00000000,1.00000000,1.00000000,1.00000000,1.00000000,1.00000000,1.00000000,1.00000000,1.00000000,1.00000000,1.00000000,1.00000000,1.00000000,1.00000000,1.00000000,1.00000000,1.00000000,1.00000000,1.00000000,1.00000000,1.00000000,1.00000000,1.00000000,1.00000000,1.00000000,1.00000000,1.00000000,1.00000000,1.00000000,1.00000000,1.00000000,1.00000000,1.00000000,1.00000000,1.00000000,1.00000000,1.00000000,1.00000000,1.00000000,1.00000000,1.00000000,1.00000000,1.00000000,1.00000000,1.00000000,1.00000000,1.00000000,1.00000000,1.00000000,1.00000000,1.00000000,1.00000000,1.00000000,1.00000000,1.00000000,1.00000000,1.00000000,1.00000000,1.00000000,1.00000000,1.00000000,1.00000000,1.00000000,1.00000000,1.00000000,1.00000000,1.00000000,1.00000000,1.00000000,1.00000000,1.00000000,1.00000000,1.00000000,1.00000000,1.00000000,1.00000000,1.00000000,1.00000000,1.00000000,1.00000000,1.00000000,1.00000000,1.00000000,1.00000000,1.00000000,0.99486256,0.99407243,0.99325572,0.99238530,0.99156998,0.99075533,0.98991422,0.98744929,0.98499049,0.98009126,0.97036577,0.96071047,0.95115124,0.94168713,0.93231719,0.92298990,0.91383103,0.90473826,0.88679895,0.86059008,0.81857375,0.77860877,0.74059499,0.67009970,0.60629806,0.54855608,1.00000000,1.00000000,1.00000000,1.00000000,1.00000000,1.00000000,1.00000000,1.00000000,1.00000000,1.00000000,1.00000000,1.00000000,1.00000000,1.00000000,1.00000000,1.00000000,1.00000000,1.00000000,1.00000000,1.00000000,1.00000000,1.00000000,1.00000000,1.00000000,1.00000000,0.00000000,0.00000000,0.00000000,0.00000000,0.00000000,0.00000000,0.00000000,0.00000000,0.00000000,0.00000000,0.00000000,0.00000000,0.00000000,0.00000000,0.00000000,0.00000000,0.00000000,0.00000000,0.00000000,0.00000000,0.00000000,0.00000000,0.00000000,0.00000000,0.00000000,0.00000000,0.00000000,0.00000000,0.00000000,0.00000000,0.00000000,0.00000000,0.00000000,0.00000000,0.00000000,0.00000000,0.00000000,0.00000000,0.00000000,0.00000000,0.00000000,0.00000000,0.00000000,0.00000000,0.00000000,0.00000000,0.00000000,0.00000000,0.00000000,0.00000000,0.00000000,0.00000000,0.00000000,0.00000000,0.00000000,0.00000000,0.00000000,0.00000000,0.00000000,0.00000000,0.00000000,0.00000000,0.00000000,0.00000000,0.00000000,0.00000000,0.00000000,0.00000000,0.00000000,0.00000000,0.00000000,0.00000000,0.00000000,0.00000000,0.00000000,0.00000000,0.00000000,0.00000000,0.00000000,0.00000000,0.00000000,0.00000000,0.00000000,0.00000000,0.00000000,0.00000000,0.00000000,0.00000000,0.00000000,0.00000000,1.00000000,1.00000000,1.00000000,1.00000000,1.00000000,1.00000000
2024-03-05,eur6m_no_caplet,1.00000000,1.00000000,1.00000000,1.00000000,1.00000000,1.00000000,1.00000000,1.00000000,1.00000000,1.00000000,1.00000000,1.00000000,1.00000000,1.00000000,1.00000000,1.00000000,1.00000000,1.00000000,1.00000000,1.00000000,1.00000000,1.00000000,1.00000000,1.00000000,1.00000000,1.00000000,1.00000000,1.00000000,1.00000000,1.00000000,1.00000000,1.00000000,1.00000000,1.00000000,1.00000000,1.00000000,1.00000000,1.00000000,1.00000000,1.00000000,1.00000000,1.00000000,1.00000000,1.00000000,1.00000000,1.00000000,1.00000000,1.00000000,1.00000000,1.00000000,1.00000000,1.00000000,1.00000000,1.00000000,1.00000000,1.00000000,1.00000000,1.00000000,1.00000000,1.00000000,1.00000000,1.00000000,1.00000000,1.00000000,1.00000000,1.00000000,1.00000000,1.00000000,1.00000000,1.00000000,1.00000000,1.00000000,1.00000000,1.00000000,1.00000000,1.00000000,1.00000000,1.00000000,1.00000000,1.00000000,1.00000000,1.00000000,1.00000000,1.00000000,1.00000000,1.00000000,1.00000000,1.00000000,1.00000000,1.00000000,1.00000000,1.00000000,1.00000000,1.00000000,1.00000000,1.00000000,1.00000000,1.00000000,1.00000000,1.00000000,1.00000000,1.00000000,1.00000000,1.00000000,1.00000000,1.00000000,1.00000000,1.00000000,1.00000000,1.00000000,1.00000000,1.00000000,1.00000000,1.00000000,1.00000000,1.00000000,1.00000000,0.99490686,0.99412176,0.99330768,0.99244276,0.99163144,0.99082129,0.98998407,0.98752487,0.98507468,0.97540642,0.96594448,0.95657836,0.94727216,0.93806527,0.92894711,0.91989255,0.91097274,0.90211455,0.88465440,0.85912768,0.81810752,0.77906806,0.74030371,0.67087186,0.60793879,0.55114915,1.00000000,1.00000000,1.00000000,1.00000000,1.00000000,1.00000000,1.00000000,1.00000000,1.00000000,1.00000000,1.00000000,1.00000000,1.00000000,1.00000000,1.00000000,1.00000000,1.00000000,1.00000000,1.00000000,1.00000000,1.00000000,1.00000000,1.00000000,1.00000000,1.00000000,0.00000000,0.00000000,0.00000000,0.00000000,0.00000000,0.00000000,0.00000000,0.00000000,0.00000000,0.00000000,0.00000000,0.00000000,0.00000000,0.00000000,0.00000000,0.00000000,0.00000000,0.00000000,0.00000000,0.00000000,0.00000000,0.00000000,0.00000000,0.00000000,0.00000000,0.00000000,0.00000000,0.00000000,0.00000000,0.00000000,0.00000000,0.00000000,0.00000000,0.00000000,0.00000000,0.00000000,0.00000000,0.00000000,0.00000000,0.00000000,0.00000000,0.00000000,0.00000000,0.00000000,0.00000000,0.00000000,0.00000000,0.00000000,0.00000000,0.00000000,0.00000000,0.00000000,0.00000000,0.00000000,0.00000000,0.00000000,0.00000000,0.00000000,0.00000000,0.00000000,0.00000000,0.00000000,0.00000000,0.00000000,0.00000000,0.00000000,0.00000000,0.00000000,0.00000000,0.00000000,0.00000000,0.00000000,0.00000000,0.00000000,0.00000000,0.00000000,0.00000000,0.00000000,0.00000000,0.00000000,0.00000000,0.00000000,0.00000000,0.00000000,0.00000000,0.00000000,0.00000000,0.00000000,0.00000000,0.00000000,1.00000000,1.00000000,1.00000000,1.00000000,1.00000000,1.00000000
2024-03-05,xccy_basis_zero,1.00000000,1.00000000,1.00000000,1.00000000,1.00000000,1.00000000,1.00000000,1.00000000,1.00000000,1.00000000,1.00000000,1.00000000,1.00000000,1.00000000,1.00000000,1.00000000,1.00000000,1.00000000,1.00000000,1.00000000,1.00000000,1.00000000,1.00000000,1.00000000,1.00000000,1.00000000,1.00000000,1.00000000,1.00000000,1.00000000,1.00000000,1.00000000,1.00000000,1.00000000,1.00000000,1.00000000,1.00000000,1.00000000,0.99991781,0.99983563,0.99980824,0.99975346,0.99956174,0.99937006,0.99906893,0.99827546,0.99742797,0.99658120,0.99576243,0.99486256,0.99409967,0.99325572,0.99238530,0.99159715,0.99075533,0.98999559,0.98744929,0.98499049,0.98253782,0.98009126,0.97036577,0.96071047,0.95115124,0.94168713,0.93231719,0.92298990,0.91383103,0.90473826,0.88679895,0.86059008,0.81857375,0.77860877,0.74059499,0.67009970,0.60629806,1.00000000,1.00000000,1.00000000,1.00000000,1.00000000,1.00000000,1.00000000,1.00000000,1.00000000,1.00000000,1.00000000,1.00000000,1.00000000,1.00000000,1.00000000,1.00000000,1.00000000,1.00000000,1.00000000,1.00000000,1.00000000,1.00000000,1.00000000,1.00000000,1.00000000,1.00000000,1.00000000,1.00000000,1.00000000,1.00000000,1.00000000,1.00000000,1.00000000,1.00000000,1.00000000,1.00000000,1.00000000,1.00000000,1.00000000,1.00000000,1.00000000,1.00000000,1.00000000,1.00000000,1.00000000,1.00000000,1.00000000,1.00000000,1.00000000,1.00000000,1.00000000,1.00000000,1.00000000,1.00000000,1.00000000,1.00000000,1.00000000,1.00000000,1.00000000,1.00000000,1.00000000,1.00000000,1.00000000,1.00000000,1.00000000,1.00000000,1.00000000,1.00000000,1.00000000,1.00000000,1.00000000,1.00000000,1.00000000,1.00000000,1.00000000,1.00000000,1.00000000,1.00000000,1.00000000,1.00000000,1.00000000,1.00000000,1.00000000,1.00000000,1.00000000,1.00000000,1.00000000,1.00000000,1.00000000,1.00000000,1.00000000,1.00000000,1.00000000,0.00000000,0.00000000,0.00000000,0.00000000,0.00000000,0.00000000,0.00000000,0.00000000,0.00000000,0.00000000,0.00000000,0.00000000,0.00000000,0.00000000,0.00000000,0.00000000,0.00000000,0.00000000,0.00000000,0.00000000,0.00000000,0.00000000,0.00000000,0.00000000,0.00000000,0.00000000,0.00000000,0.00000000,0.00000000,0.00000000,0.00000000,0.00000000,0.00000000,0.00000000,0.00000000,0.00000000,0.00000000,0.00000000,0.00000000,0.00000000,0.00000000,0.00000000,0.00000000,0.00000000,0.00000000,0.00000000,0.00000000,0.00000000,0.00000000,0.00000000,0.00000000,0.00000000,0.00000000,0.00000000,0.00000000,0.00000000,0.00000000,0.00000000,0.00000000,0.00000000,0.00000000,0.00000000,0.00000000,0.00000000,0.00000000,0.00000000,0.00000000,0.00000000,0.00000000,0.00000000,0.00000000,0.00000000,0.00000000,0.00000000,0.00000000,0.00000000,0.00000000,0.00000000,0.00000000,0.00000000,0.00000000,0.00000000,0.00000000,0.00000000,0.00000000,0.00000000,0.00000000,0.00000000,0.00000000,0.00000000,1.00000000,1.00000000,1.00000000,1.00000000,1.00000000,1.00000000
2024-03-05,eur_ester_zero,1.00000000,0.99997260,0.99975346,0.99956174,0.99937006,0.99906893,0.99827546,0.99742797,0.99658120,0.99576243,0.99486256,0.99409967,0.99325572,0.99238530,0.99159715,0.99075533,0.98999559,0.98744929,0.98499049,0.98253782,0.98009126,0.97036577,0.96071047,0.95115124,0.94168713,0.93231719,0.92298990,0.91383103,0.90473826,0.89573597,0.88679895,0.86059008,0.81857375,0.77860877,0.74059499,0.67009970,0.60629806,0.54855608,1.00000000,1.00000000,1.00000000,1.00000000,1.00000000,1.00000000,1.00000000,1.00000000,1.00000000,1.00000000,1.00000000,1.00000000,1.00000000,1.00000000,1.00000000,1.00000000,1.00000000,1.00000000,1.00000000,1.00000000,1.00000000,1.00000000,1.00000000,1.00000000,1.00000000,1.00000000,1.00000000,1.00000000,1.00000000,1.00000000,1.00000000,1.00000000,1.00000000,1.00000000,1.00000000,1.00000000,1.00000000,0.99997260,0.99975346,0.99956174,0.99937006,0.99906893,0.99827546,0.99742797,0.99658120,0.99576243,0.99486256,0.99409967,0.99325572,0.99238530,0.99159715,0.99075533,0.98999559,0.98744929,0.98499049,0.98253782,0.98009126,0.97036577,0.96071047,0.95115124,0.94168713,0.93231719,0.92298990,0.91383103,0.90473826,0.89573597,0.88679895,0.86059008,0.81857375,0.77860877,0.74059499,0.67009970,0.60629806,0.54855608,1.00000000,1.00000000,1.00000000,1.00000000,1.00000000,1.00000000,1.00000000,1.00000000,1.00000000,1.00000000,1.00000000,1.00000000,1.00000000,1.00000000,1.00000000,1.00000000,1.00000000,1.00000000,1.00000000,1.00000000,1.00000000,1.00000000,1.00000000,1.00000000,1.00000000,1.00000000,1.00000000,1.00000000,1.00000000,1.00000000,1.00000000,1.00000000,1.00000000,1.00000000,1.00000000,1.00000000,1.00000000,1.00000000,1.00000000,1.00000000,1.00000000,1.00000000,1.00000000,1.00000000,1.00000000,1.00000000,1.00000000,1.00000000,1.00000000,1.00000000,1.00000000,1.00000000,1.00000000,1.00000000,1.00000000,1.00000000,0.00000000,0.00000000,0.00000000,0.00000000,0.00000000,0.00000000,0.00000000,0.00000000,0.00000000,0.00000000,0.00000000,0.00000000,0.00000000,0.00000000,0.00000000,0.00000000,0.00000000,0.00000000,0.00000000,0.00000000,0.00000000,0.00000000,0.00000000,0.00000000,0.00000000,0.00000000,0.00000000,0.00000000,0.00000000,0.00000000,0.00000000,0.00000000,0.00000000,0.00000000,0.00000000,0.00000000,0.00000000,0.00000000,0.00000000,0.00000000,0.00000000,0.00000000,0.00000000,0.00000000,0.00000000,0.00000000,0.00000000,0.00000000,0.00000000,0.00000000,0.00000000,0.00000000,0.00000000,0.00000000,0.00000000,0.00000000,0.00000000,0.00000000,0.00000000,0.00000000,0.00000000,0.00000000,0.00000000,0.00000000,0.00000000,0.00000000,0.00000000,0.00000000,0.00000000,0.00000000,0.00000000,0.00000000,0.00000000,0.00000000,0.00000000,0.00000000,0.00000000,0.00000000,0.00000000,0.00000000,0.00000000,0.00000000,0.00000000,0.00000000,0.00000000,0.00000000,0.00000000,0.00000000,0.00000000,0.00000000,1.00000000,1.00000000,1.00000000,1.00000000,1.00000000,1.00000000
2024-03-05,eur_ester_par_and_FX,1.00000000,0.99997223,0.99975022,0.99955634,0.99936283,0.99905949,0.99826407,0.99742066,0.99658425,0.99577960,0.99490310,0.99416523,0.99335003,0.99251290,0.99176470,0.99096189,0.99024840,0.98767893,0.98525318,0.98287682,0.98054847,0.97102091,0.96155234,0.95219754,0.94287375,0.93364146,0.92445123,0.91542328,0.90645973,0.89758399,0.88877190,0.86207236,0.82219146,0.78267760,0.74931373,0.69198802,0.63769072,0.55847648,0.99991674,0.99983349,0.99980574,0.99975025,0.99955637,0.99936286,0.99905951,0.99826409,0.99742068,0.99658427,0.99577962,0.99490312,0.99416525,0.99335006,0.99251292,0.99176472,0.99096191,0.99024842,0.98767895,0.98525320,0.98287684,1.00044121,1.00043777,1.00043516,1.00042920,1.00043292,1.00041505,1.00038992,1.00039341,1.00034675,1.00035570,1.00025567,1.00048561,1.00202627,1.00390044,1.00901664,1.01815766,0.99997223,0.99975022,0.99955634,0.99936283,0.99905949,0.99826407,0.99742066,0.99658425,0.99577960,0.99490310,0.99416523,0.99335003,0.99251290,0.99176470,0.99096189,0.99024840,0.98767893,0.98525318,0.98287682,0.98054847,0.97102091,0.96155234,0.95219754,0.94287375,0.93364146,0.92445123,0.91542328,0.90645973,0.89758399,0.88877190,0.86207236,0.82219146,0.78267760,0.74931373,0.69198802,0.63769072,0.55847648,1.00000000,1.00000000,1.00000000,1.00000000,1.00000000,1.00000000,1.00000000,1.00000000,1.00000000,1.00000000,1.00000000,1.00000000,1.00000000,1.00000000,1.00022983,1.00030518,1.00038289,1.00046419,1.00054999,1.00064085,1.00073855,1.00085034,1.00097330,1.00123611,1.00171787,1.00266993,1.00347192,1.06862061,1.07113238,1.07436496,1.07615257,1.00000000,1.00000000,1.00000000,1.00000000,1.00000000,1.00000000,1.00000000,1.00000000,1.00000000,1.00000000,1.00000000,1.00000000,1.00000000,1.00000000,1.00000000,1.00000000,1.00000000,1.00000000,1.00000000,1.00000000,1.00000000,1.00000000,1.00000000,1.00000000,1.00000000,0.00000000,0.00000000,0.00000000,0.00000000,0.00000000,0.00000000,0.00000000,0.00000000,0.00000000,0.00000000,0.00001235,0.00001402,0.00000502,0.00000000,0.00001973,0.00006592,0.00004686,0.00003213,0.00001332,0.00000000,0.00000000,-0.00005315,-0.00003109,0.00000000,-0.00000702,-0.00002014,-0.00001509,-0.00000949,-0.00000359,0.00000301,-0.00051702,-0.00003661,-0.00003765,-0.00003139,0.00000254,0.00000600,0.00000439,0.00000297,-0.00000675,-0.00000026,0.00011252,-0.00006518,0.00001328,0.00001291,-0.00000093,-0.00000183,-0.00003835,-0.00000100,0.00000301,-0.00001681,-0.00003724,0.00001998,-0.00000501,-0.00000517,0.00000034,0.00000056,0.00001431,0.00000034,-0.00000133,0.00000606,-0.00028253,-0.00000748,0.00000187,0.00000204,-0.00000012,-0.00000017,-0.00000577,-0.00011599,0.00000055,-0.00000245,0.00005569,0.00000265,-0.00000069,-0.00000078,0.00000004,0.00000005,0.00000220,0.00003749,-0.00018331,0.00000093,-0.00002115,0.00000000,0.00000000,0.00000000,-0.00000002,-0.00000002,-0.00000083,-0.00001427,0.00005349,-0.00019484,1.01000000,1.00003792,1.00005766,1.00011395,1.00024850,1.00038181
