#Tenor,Date,USD,USD-FedFunds
1M,2023-02-28,0.996443704752685,0.996443704752685
2M,2023-03-31,0.992459576884363,0.992459576884363
3M,2023-05-02,0.988252218884291,0.988252218884291
4M,2023-05-31,0.984366331409243,0.984366331409243
5M,2023-06-30,0.980349600355428,0.980349600355428
6M,2023-07-31,0.976219664171392,0.976219664171392
7M,2023-08-31,0.972136031013064,0.972136031013064
8M,2023-10-02,0.967972437150815,0.967972437150815
9M,2023-10-31,0.964253318759187,0.964253318759187
10M,2023-11-30,0.960514477990248,0.960514477990248
11M,2024-01-02,0.956507953769820,0.956507953769820
1Y,2024-01-31,0.953109964814017,0.953109964814017
1Y1M,2024-02-29,0.950291360384177,0.950291360384177
1Y2M,2024-04-02,0.947259916981678,0.947259916981678
1Y3M,2024-04-30,0.944695367951279,0.944695367951279
1Y4M,2024-05-31,0.941864143823673,0.941864143823673
1Y5M,2024-07-01,0.939041404791192,0.939041404791192
1Y6M,2024-07-31,0.936317776844682,0.936317776844682
1Y7M,2024-09-02,0.933330909378992,0.933330909378992
1Y8M,2024-09-30,0.930804070825202,0.930804070825202
1Y9M,2024-10-31,0.928014478504972,0.928014478504972
1Y10M,2024-12-02,0.925143668260432,0.925143668260432
1Y11M,2024-12-31,0.922549668220646,0.922549668220646
2Y,2025-01-31,0.919784814101328,0.919784814101328
2Y1M,2025-02-28,0.917728137450526,0.917728137450526
2Y2M,2025-03-31,0.915513931270766,0.915513931270766
2Y3M,2025-04-30,0.913376237737365,0.913376237737365
2Y4M,2025-06-02,0.911030539515868,0.911030539515868
2Y5M,2025-06-30,0.909044974888588,0.909044974888588
2Y6M,2025-07-31,0.906851718608281,0.906851718608281
2Y7M,2025-09-01,0.904593262461241,0.904593262461241
2Y8M,2025-09-30,0.902551395263010,0.902551395263010
2Y9M,2025-10-31,0.900373806067048,0.900373806067048
2Y10M,2025-12-01,0.898201470748851,0.898201470748851
2Y11M,2025-12-31,0.896104201215174,0.896104201215174
3Y,2026-02-02,0.893802860382973,0.893802860382973
3Y1M,2026-03-02,0.891912486421668,0.891912486421668
3Y2M,2026-03-31,0.889958813832749,0.889958813832749
3Y3M,2026-04-30,0.887942276386415,0.887942276386415
3Y4M,2026-06-01,0.885796339159433,0.885796339159433
3Y5M,2026-06-30,0.883856063567908,0.883856063567908
3Y6M,2026-07-31,0.881786675435638,0.881786675435638
3Y7M,2026-08-31,0.879722132399101,0.879722132399101
3Y8M,2026-09-30,0.877728790016535,0.877728790016535
3Y9M,2026-11-02,0.875541329754412,0.875541329754412
3Y10M,2026-11-30,0.873689578540386,0.873689578540386
3Y11M,2026-12-31,0.871643993382752,0.871643993382752
4Y,2027-02-01,0.869537445081338,0.869537445081338
4Y1M,2027-03-01,0.867645047800945,0.867645047800945
4Y2M,2027-03-31,0.865619937466395,0.865619937466395
4Y3M,2027-04-30,0.863599553801902,0.863599553801902
4Y4M,2027-05-31,0.861516777926265,0.861516777926265
4Y5M,2027-06-30,0.859505971162844,0.859505971162844
4Y6M,2027-08-02,0.857299504045388,0.857299504045388
4Y7M,2027-08-31,0.855365164008843,0.855365164008843
4Y8M,2027-09-30,0.853368715302268,0.853368715302268
4Y9M,2027-11-01,0.851244305853990,0.851244305853990
4Y10M,2027-11-30,0.849323628268240,0.849323628268240
4Y11M,2027-12-31,0.847275282184945,0.847275282184945
5Y,2028-01-31,0.845231876175771,0.845231876175771
5Y1M,2028-02-29,0.843291681237697,0.843291681237697
5Y2M,2028-03-31,0.841219991301798,0.841219991301798
5Y3M,2028-05-02,0.839086810889272,0.839086810889272
5Y4M,2028-05-31,0.837158288948110,0.837158288948110
5Y5M,2028-06-30,0.835167930460070,0.835167930460070
5Y6M,2028-07-31,0.833116197904402,0.833116197904402
5Y7M,2028-08-31,0.831069505779917,0.831069505779917
5Y8M,2028-10-02,0.828962065146660,0.828962065146660
5Y9M,2028-10-31,0.827056813496558,0.827056813496558
5Y10M,2028-11-30,0.825090471443249,0.825090471443249
5Y11M,2029-01-02,0.822932894396075,0.822932894396075
6Y,2029-01-31,0.821041499939207,0.821041499939207
6Y1M,2029-02-28,0.819219450925991,0.819219450925991
6Y2M,2029-04-03,0.817012397977728,0.817012397977728
6Y3M,2029-04-30,0.815263974824117,0.815263974824117
6Y4M,2029-05-31,0.813261139732391,0.813261139732391
6Y5M,2029-07-02,0.811198857866192,0.811198857866192
6Y6M,2029-07-31,0.809334432426848,0.809334432426848
6Y7M,2029-08-31,0.807346164267989,0.807346164267989
6Y8M,2029-10-01,0.805362780629192,0.805362780629192
6Y9M,2029-10-31,0.803448016518821,0.803448016518821
6Y10M,2029-11-30,0.801537804793645,0.801537804793645
6Y11M,2029-12-31,0.799568690381184,0.799568690381184
7Y,2030-01-31,0.797604413434338,0.797604413434338
7Y1M,2030-02-28,0.795773208111586,0.795773208111586
7Y2M,2030-04-01,0.793673929607283,0.793673929607283
7Y3M,2030-04-30,0.791776242389406,0.791776242389406
7Y4M,2030-05-31,0.789752697492690,0.789752697492690
7Y5M,2030-07-01,0.787734324175682,0.787734324175682
7Y6M,2030-07-31,0.785785971258756,0.785785971258756
7Y7M,2030-09-02,0.783648348517493,0.783648348517493
7Y8M,2030-09-30,0.781839168878282,0.781839168878282
7Y9M,2030-10-31,0.779841020189883,0.779841020189883
7Y10M,2030-12-02,0.777783771373548,0.777783771373548
7Y11M,2030-12-31,0.775924077781321,0.775924077781321
8Y,2031-01-31,0.773941046308824,0.773941046308824
8Y1M,2031-02-28,0.772154277555237,0.772154277555237
8Y2M,2031-03-31,0.770180880572386,0.770180880572386
8Y3M,2031-04-30,0.768275943693072,0.768275943693072
8Y4M,2031-06-02,0.766185954575332,0.766185954575332
8Y5M,2031-06-30,0.764417089712043,0.764417089712043
8Y6M,2031-07-31,0.762463466683167,0.762463466683167
8Y7M,2031-09-01,0.760452060481489,0.760452060481489
8Y8M,2031-09-30,0.758633807290663,0.758633807290663
8Y9M,2031-10-31,0.756694964613865,0.756694964613865
8Y10M,2031-12-01,0.754761077043060,0.754761077043060
8Y11M,2031-12-31,0.752894278934982,0.752894278934982
9Y,2032-02-02,0.750846133522256,0.750846133522256
9Y1M,2032-03-01,0.749112683130230,0.749112683130230
9Y2M,2032-03-31,0.747259855550562,0.747259855550562
9Y3M,2032-04-30,0.745411610686042,0.745411610686042
9Y4M,2032-05-31,0.743506560016418,0.743506560016418
9Y5M,2032-06-30,0.741667598414131,0.741667598414131
9Y6M,2032-08-02,0.739649993642837,0.739649993642837
9Y7M,2032-08-31,0.737881478530675,0.737881478530675
9Y8M,2032-09-30,0.736056429796706,0.736056429796706
9Y9M,2032-11-01,0.734114686313417,0.734114686313417
9Y10M,2032-11-30,0.732359406210715,0.732359406210715
9Y11M,2032-12-31,0.730487713098874,0.730487713098874
10Y,2033-01-31,0.728620803478683,0.728620803478683
10Y1M,2033-02-28,0.726855379988843,0.726855379988843
10Y2M,2033-03-31,0.724898719734899,0.724898719734899
10Y3M,2033-05-02,0.722884466091735,0.722884466091735
10Y4M,2033-05-31,0.721063883617664,0.721063883617664
10Y5M,2033-06-30,0.719185347317606,0.719185347317606
10Y6M,2033-08-01,0.717186969245599,0.717186969245599
10Y7M,2033-08-31,0.715318533194001,0.715318533194001
10Y8M,2033-09-30,0.713454964845567,0.713454964845567
10Y9M,2033-10-31,0.711534377874451,0.711534377874451
10Y10M,2033-11-30,0.709680668115934,0.709680668115934
10Y11M,2034-01-02,0.707647164782054,0.707647164782054
11Y,2034-01-31,0.705864957408041,0.705864957408041
11Y1M,2034-02-28,0.704148464573859,0.704148464573859
11Y2M,2034-03-31,0.702252930260653,0.702252930260653
11Y3M,2034-05-02,0.700301601772010,0.700301601772010
11Y4M,2034-05-31,0.698537894177567,0.698537894177567
11Y5M,2034-06-30,0.696718043230943,0.696718043230943
11Y6M,2034-07-31,0.694842511260035,0.694842511260035
11Y7M,2034-08-31,0.692972028132354,0.692972028132354
11Y8M,2034-10-02,0.691046488199291,0.691046488199291
11Y9M,2034-10-31,0.689306089582087,0.689306089582087
11Y10M,2034-11-30,0.687510289597439,0.687510289597439
11Y11M,2035-01-02,0.685540312777182,0.685540312777182
12Y,2035-01-31,0.683813781447135,0.683813781447135
12Y1M,2035-02-28,0.682150911738914,0.682150911738914
12Y2M,2035-04-02,0.680196291561767,0.680196291561767
12Y3M,2035-04-30,0.678542218713910,0.678542218713910
12Y4M,2035-05-31,0.676715615201667,0.676715615201667
12Y5M,2035-07-02,0.674835246460218,0.674835246460218
12Y6M,2035-07-31,0.673135675809276,0.673135675809276
12Y7M,2035-08-31,0.671323626454441,0.671323626454441
12Y8M,2035-10-01,0.669516455050637,0.669516455050637
12Y9M,2035-10-31,0.667772211589172,0.667772211589172
12Y10M,2035-11-30,0.666032512280774,0.666032512280774
12Y11M,2035-12-31,0.664239584305701,0.664239584305701
13Y,2036-01-31,0.662451482807812,0.662451482807812
13Y1M,2036-02-29,0.660783100630445,0.660783100630445
13Y2M,2036-03-31,0.659004303822886,0.659004303822886
13Y3M,2036-04-30,0.657287446919147,0.657287446919147
13Y4M,2036-06-02,0.655404069965713,0.655404069965713
13Y5M,2036-06-30,0.653810285803767,0.653810285803767
13Y6M,2036-07-31,0.652050259483440,0.652050259483440
13Y7M,2036-09-01,0.650238427602745,0.650238427602745
13Y8M,2036-09-30,0.648600803970214,0.648600803970214
13Y9M,2036-10-31,0.646854801328225,0.646854801328225
13Y10M,2036-12-01,0.645113498842645,0.645113498842645
13Y11M,2036-12-31,0.643432830662243,0.643432830662243
14Y,2037-02-02,0.641589152420658,0.641589152420658
14Y1M,2037-03-02,0.640028962796480,0.640028962796480
14Y2M,2037-03-31,0.638417051672058,0.638417051672058
14Y3M,2037-04-30,0.636753829267789,0.636753829267789
14Y4M,2037-06-01,0.634984501104442,0.634984501104442
14Y5M,2037-06-30,0.633385294442459,0.633385294442459
14Y6M,2037-07-31,0.631680251231405,0.631680251231405
14Y7M,2037-08-31,0.629979797915912,0.629979797915912
14Y8M,2037-09-30,0.628338556486997,0.628338556486997
14Y9M,2037-11-02,0.626538129045718,0.626538129045718
14Y10M,2037-11-30,0.625014539869684,0.625014539869684
14Y11M,2037-12-31,0.623332030333442,0.623332030333442
15Y,2038-02-01,0.621599996907505,0.621599996907505
15Y1M,2038-03-01,0.620178914518171,0.620178914518171
15Y2M,2038-03-31,0.618663513942696,0.618663513942696
15Y3M,2038-04-30,0.617151816232395,0.617151816232395
15Y4M,2038-05-31,0.615593609053244,0.615593609053244
15Y5M,2038-06-30,0.614089412622859,0.614089412622859
15Y6M,2038-08-02,0.612439041392076,0.612439041392076
15Y7M,2038-08-31,0.610992377094394,0.610992377094394
15Y8M,2038-09-30,0.609499423725318,0.609499423725318
15Y9M,2038-11-01,0.607910960837109,0.607910960837109
15Y10M,2038-11-30,0.606474992481445,0.606474992481445
15Y11M,2038-12-31,0.604943742532236,0.604943742532236
16Y,2039-01-31,0.603416358738163,0.603416358738163
16Y1M,2039-02-28,0.602040101201827,0.602040101201827
16Y2M,2039-03-31,0.600520048626179,0.600520048626179
16Y3M,2039-05-02,0.598954987571588,0.598954987571588
16Y4M,2039-05-31,0.597540174442646,0.597540174442646
16Y5M,2039-06-30,0.596080091387544,0.596080091387544
16Y6M,2039-08-01,0.594526601643810,0.594526601643810
16Y7M,2039-08-31,0.593073882221760,0.593073882221760
16Y8M,2039-09-30,0.591624712504153,0.591624712504153
16Y9M,2039-10-31,0.590130957077789,0.590130957077789
16Y10M,2039-11-30,0.588688978366442,0.588688978366442
16Y11M,2040-01-02,0.587106871048185,0.587106871048185
17Y,2040-01-31,0.585720044781625,0.585720044781625
17Y1M,2040-02-29,0.584336494387294,0.584336494387294
17Y2M,2040-04-03,0.582718562172656,0.582718562172656
17Y3M,2040-04-30,0.581436925525098,0.581436925525098
17Y4M,2040-05-31,0.579968892590985,0.579968892590985
17Y5M,2040-07-02,0.578457391470007,0.578457391470007
17Y6M,2040-07-31,0.577090996450402,0.577090996450402
17Y7M,2040-08-31,0.575633936274865,0.575633936274865
17Y8M,2040-10-01,0.574180554937446,0.574180554937446
17Y9M,2040-10-31,0.572777550863928,0.572777550863928
17Y10M,2040-11-30,0.571377975015929,0.571377975015929
17Y11M,2040-12-31,0.569935339283097,0.569935339283097
18Y,2041-01-31,0.568496345969030,0.568496345969030
18Y1M,2041-02-28,0.567199733159004,0.567199733159004
18Y2M,2041-04-01,0.565721510717351,0.565721510717351
18Y3M,2041-04-30,0.564385199579960,0.564385199579960
18Y4M,2041-05-31,0.562960219458925,0.562960219458925
18Y5M,2041-07-01,0.561538837179128,0.561538837179128
18Y6M,2041-07-31,0.560166723008374,0.560166723008374
18Y7M,2041-09-02,0.558661269527021,0.558661269527021
18Y8M,2041-09-30,0.557387088323095,0.557387088323095
18Y9M,2041-10-31,0.555979777285929,0.555979777285929
18Y10M,2041-12-02,0.554530796026167,0.554530796026167
18Y11M,2041-12-31,0.553220918878635,0.553220918878635
19Y,2042-01-31,0.551824126736443,0.551824126736443
19Y1M,2042-02-28,0.550565539523558,0.550565539523558
19Y2M,2042-03-31,0.549175451778997,0.549175451778997
19Y3M,2042-04-30,0.547833547408853,0.547833547408853
19Y4M,2042-06-02,0.546361239456108,0.546361239456108
19Y5M,2042-06-30,0.545115111865308,0.545115111865308
19Y6M,2042-07-31,0.543738785557208,0.543738785557208
19Y7M,2042-09-01,0.542321706478678,0.542321706478678
19Y8M,2042-09-30,0.541040668860898,0.541040668860898
19Y9M,2042-10-31,0.539674629853546,0.539674629853546
19Y10M,2042-12-01,0.538312039870781,0.538312039870781
19Y11M,2042-12-31,0.536996680131988,0.536996680131988
20Y,2043-02-02,0.535553496364773,0.535553496364773
